Date,Open,High,Low,Close,Volume
2000-08-01 00:00:00-04:00,246.83651733398438,251.23651123046875,246.83651733398438,251.23651123046875,0
2000-09-01 00:00:00-04:00,249.9365234375,251.33651733398438,241.9365234375,246.53652954101562,4291
2000-11-01 00:00:00-05:00,236.83651733398438,243.13653564453125,236.83651733398438,243.03652954101562,32465
2000-12-01 00:00:00-05:00,242.63653564453125,248.9365234375,240.9365234375,244.9365234375,1664
2001-01-01 00:00:00-05:00,241.33651733398438,241.33651733398438,235.73651123046875,238.53652954101562,17811
2001-02-01 00:00:00-05:00,239.23651123046875,241.83651733398438,227.9365234375,239.73651123046875,1066
2001-03-01 00:00:00-05:00,238.13653564453125,244.53652954101562,229.53652954101562,230.83651733398438,31161
2001-05-01 00:00:00-04:00,237.33651733398438,260.3365173339844,237.13653564453125,238.23651123046875,32850
2001-06-01 00:00:00-04:00,237.63653564453125,249.9365234375,237.4365234375,243.53652954101562,1350
2001-08-01 00:00:00-04:00,239.13653564453125,252.23651123046875,238.73651123046875,247.33651733398438,1817
2001-09-01 00:00:00-04:00,244.53652954101562,266.9365234375,244.53652954101562,265.3365173339844,3137
2001-10-01 00:00:00-04:00,264.73651123046875,265.8365173339844,248.4365234375,252.4365234375,893
2001-11-01 00:00:00-05:00,252.63653564453125,253.9365234375,245.23651123046875,246.83651733398438,27949
2001-12-01 00:00:00-05:00,246.4365234375,254.23651123046875,244.13653564453125,251.63653564453125,2157
2002-01-01 00:00:00-05:00,251.83651733398438,260.3365173339844,251.03652954101562,255.03652954101562,28613
2002-02-01 00:00:00-05:00,255.23651123046875,280.9365234375,255.13653564453125,269.63653564453125,3964
2002-03-01 00:00:00-05:00,270.9365234375,277.4365234375,262.8365173339844,275.5365295410156,29465
2002-04-01 00:00:00-05:00,275.5365295410156,285.4365234375,270.4365234375,281.8365173339844,2226
2002-05-01 00:00:00-04:00,282.0365295410156,301.9365234375,279.73651123046875,299.4365234375,29743
2002-06-01 00:00:00-04:00,299.5365295410156,303.23651123046875,286.4365234375,286.4365234375,5817
2002-07-01 00:00:00-04:00,286.9365234375,296.8365173339844,273.73651123046875,276.13653564453125,28530
2002-08-01 00:00:00-04:00,276.13653564453125,290.9365234375,270.9365234375,285.3365173339844,3256
2002-10-01 00:00:00-04:00,294.9365234375,295.8365173339844,282.73651123046875,290.9365234375,3849
2002-11-01 00:00:00-05:00,291.73651123046875,297.4365234375,289.4365234375,289.73651123046875,54551
2003-01-01 00:00:00-05:00,319.0365295410156,344.9365234375,318.13653564453125,341.23651123046875,8298
2003-02-01 00:00:00-05:00,340.9365234375,361.8365173339844,314.9365234375,323.13653564453125,6928
2003-03-01 00:00:00-05:00,322.13653564453125,329.73651123046875,298.9365234375,308.8365173339844,6100
2003-04-01 00:00:00-05:00,308.9365234375,311.3365173339844,292.23651123046875,312.0365295410156,3097
2003-05-01 00:00:00-04:00,311.9365234375,342.9365234375,311.9365234375,337.4365234375,164025
2003-07-01 00:00:00-04:00,324.3365173339844,337.73651123046875,315.0365295410156,326.9365234375,86330
2003-08-01 00:00:00-04:00,327.0365295410156,347.9365234375,318.9365234375,348.63653564453125,5743
2003-09-01 00:00:00-04:00,347.9365234375,361.63653564453125,345.8365173339844,358.3365173339844,16207
2003-10-01 00:00:00-04:00,358.4365234375,366.9365234375,340.9365234375,357.4365234375,3594
2003-11-01 00:00:00-05:00,355.73651123046875,374.9365234375,349.9365234375,369.73651123046875,165003
2003-12-01 00:00:00-05:00,370.13653564453125,390.13653564453125,369.9365234375,388.63653564453125,10267
2004-01-01 00:00:00-05:00,388.63653564453125,401.13653564453125,369.4365234375,375.13653564453125,132663
2004-03-01 00:00:00-05:00,369.3365173339844,400.9365234375,364.0365295410156,400.23651123046875,105746
2004-04-01 00:00:00-05:00,400.13653564453125,404.9365234375,352.9365234375,359.9365234375,6579
2004-05-01 00:00:00-04:00,359.9365234375,369.23651123046875,348.73651123046875,366.9365234375,144835
2004-06-01 00:00:00-04:00,366.8365173339844,377.9365234375,355.9365234375,365.5365295410156,6207
2004-07-01 00:00:00-04:00,368.9365234375,381.0365295410156,357.9365234375,363.9365234375,116575
2004-09-01 00:00:00-04:00,380.23651123046875,391.73651123046875,369.73651123046875,391.63653564453125,16144
2004-10-01 00:00:00-04:00,392.0365295410156,402.9365234375,383.23651123046875,401.4365234375,2646
2004-11-01 00:00:00-05:00,400.23651123046875,427.73651123046875,397.5365295410156,424.23651123046875,183608
2004-12-01 00:00:00-05:00,424.5365295410156,429.4365234375,405.5365295410156,410.4365234375,12728
2005-01-01 00:00:00-05:00,403.9365234375,403.9365234375,391.63653564453125,394.73651123046875,115342
2005-02-01 00:00:00-05:00,395.13653564453125,408.9365234375,383.0365295410156,409.4365234375,8468
2005-03-01 00:00:00-05:00,407.9365234375,419.3365173339844,397.63653564453125,401.63653564453125,3171
2005-04-01 00:00:00-05:00,401.23651123046875,411.13653564453125,395.63653564453125,407.9365234375,2579
2005-06-01 00:00:00-04:00,389.3365173339844,415.4365234375,386.9365234375,408.8365173339844,6950
2005-07-01 00:00:00-04:00,400.73651123046875,403.4365234375,392.5365295410156,402.8365173339844,44574
2005-08-01 00:00:00-04:00,402.9365234375,422.4365234375,402.0365295410156,406.73651123046875,3085
2005-09-01 00:00:00-04:00,411.4365234375,446.9365234375,411.4365234375,441.9365234375,11805
2005-10-01 00:00:00-04:00,440.73651123046875,451.4365234375,433.4365234375,438.0365295410156,2106
2005-11-01 00:00:00-05:00,435.9365234375,475.23651123046875,428.23651123046875,467.5365295410156,157642
2005-12-01 00:00:00-05:00,467.13653564453125,511.4365234375,463.0365295410156,490.0364990234375,12240
2006-02-01 00:00:00-05:00,543.7365112304688,548.2365112304688,508.4365234375,534.5364990234375,10165
2006-03-01 00:00:00-05:00,535.4365234375,562.5364990234375,512.8365478515625,554.7365112304688,94801
2006-04-01 00:00:00-05:00,554.9365234375,624.7365112304688,554.9365234375,624.7365112304688,8121
2006-05-01 00:00:00-04:00,630.9365234375,695.9365234375,609.9365234375,615.4365234375,137161
2006-06-01 00:00:00-04:00,615.7365112304688,618.0364990234375,527.9365234375,586.4365234375,6197
2006-07-01 00:00:00-04:00,603.9365234375,649.9365234375,585.6365356445312,607.1365356445312,99344
2006-08-01 00:00:00-04:00,608.3365478515625,628.9365234375,581.9365234375,598.8365478515625,4608
2006-09-01 00:00:00-04:00,597.3365478515625,611.4365234375,549.3365478515625,571.5364990234375,17592
2006-11-01 00:00:00-05:00,585.4365234375,620.9365234375,585.4365234375,619.8365478515625,114115
2006-12-01 00:00:00-05:00,618.6365356445312,622.6365356445312,584.9365234375,608.1365356445312,3823
2007-01-01 00:00:00-05:00,608.1365356445312,628.4365234375,579.9365234375,624.9365234375,101525
2007-02-01 00:00:00-05:00,625.8365478515625,660.6365356445312,614.9365234375,642.3365478515625,3981
2007-03-01 00:00:00-05:00,645.9365234375,645.9365234375,612.9365234375,635.9365234375,52996
2007-05-01 00:00:00-04:00,646.6365356445312,660.9365234375,623.9365234375,633.9365234375,158741
2007-06-01 00:00:00-04:00,634.4365234375,646.9365234375,612.9365234375,621.0364990234375,4027
2007-08-01 00:00:00-04:00,636.1365356445312,649.1365356445312,615.8365478515625,645.9365234375,8547
2007-09-01 00:00:00-04:00,645.4365234375,718.6365356445312,645.4365234375,715.7365112304688,27393
2007-10-01 00:00:00-04:00,718.0364990234375,768.3365478515625,697.2365112304688,764.9365234375,2720
2007-11-01 00:00:00-04:00,758.2365112304688,814.2365112304688,750.5364990234375,755.1365356445312,239351
2007-12-01 00:00:00-05:00,756.8365478515625,816.1365356445312,749.9365234375,807.8365478515625,7681
2008-01-01 00:00:00-05:00,821.6365356445312,909.2365112304688,819.3365478515625,895.6365356445312,231851
2008-02-01 00:00:00-05:00,897.7365112304688,946.0364990234375,857.6365356445312,945.0364990234375,8233
2008-03-01 00:00:00-05:00,957.1365356445312,987.5364990234375,884.9365234375,889.1365356445312,216432
2008-04-01 00:00:00-04:00,887.9365234375,921.6365356445312,835.9365234375,835.7365112304688,13006
2008-05-01 00:00:00-04:00,827.9365234375,898.5364990234375,822.5364990234375,860.2365112304688,221797
2008-07-01 00:00:00-04:00,916.5364990234375,959.1365356445312,866.2365112304688,886.8365478515625,250610
2008-08-01 00:00:00-04:00,877.8365478515625,889.0364990234375,753.8365478515625,802.2365112304688,9253
2008-09-01 00:00:00-04:00,802.8365478515625,891.9365234375,711.9365234375,847.1365356445312,18800
2008-10-01 00:00:00-04:00,850.9365234375,898.6365356445312,653.9365234375,689.7365112304688,3365
2008-11-01 00:00:00-04:00,701.7365112304688,796.9365234375,679.9365234375,789.1365356445312,377779
2008-12-01 00:00:00-05:00,790.1365356445312,856.5364990234375,712.9365234375,856.5364990234375,9599
2009-01-01 00:00:00-05:00,854.4365234375,903.2365112304688,778.5364990234375,900.2365112304688,215420
2009-04-01 00:00:00-04:00,891.5364990234375,905.4365234375,837.9365234375,863.6365356445312,17300
2009-05-01 00:00:00-04:00,856.9365234375,953.3365478515625,854.4365234375,951.7365112304688,234559
2009-06-01 00:00:00-04:00,951.7365112304688,963.2365112304688,890.2365112304688,900.0364990234375,12773
2009-07-01 00:00:00-04:00,902.2365112304688,931.0364990234375,878.5364990234375,926.6365356445312,177420
2009-08-01 00:00:00-04:00,925.5364990234375,944.0364990234375,904.4365234375,924.6365356445312,7492
2009-09-01 00:00:00-04:00,927.1365356445312,992.7365112304688,921.6365356445312,980.9365234375,15642
2009-10-01 00:00:00-04:00,980.3365478515625,1043.136474609375,959.7365112304688,1012.636474609375,3699
2009-12-01 00:00:00-05:00,1153.9365234375,1199.3365478515625,1047.9365234375,1068.136474609375,24177
2010-01-01 00:00:00-05:00,1090.636474609375,1134.136474609375,1046.136474609375,1055.9365234375,320664
2010-02-01 00:00:00-05:00,1053.9365234375,1100.3365478515625,1018.136474609375,1091.236572265625,18209
2010-03-01 00:00:00-05:00,1092.236572265625,1117.9365234375,1058.4365234375,1086.236572265625,222583
2010-04-01 00:00:00-04:00,1098.0364990234375,1154.236572265625,1084.236572265625,1153.0364990234375,10917
2010-05-01 00:00:00-04:00,1151.5364990234375,1219.4365234375,1132.136474609375,1185.136474609375,361661
2010-06-01 00:00:00-04:00,1197.736572265625,1237.736572265625,1169.8365478515625,1218.4365234375,16703
2010-07-01 00:00:00-04:00,1179.236572265625,1215.3365478515625,1130.9365234375,1154.636474609375,267525
2010-09-01 00:00:00-04:00,1219.236572265625,1288.136474609375,1212.9365234375,1280.736572265625,33200
2010-10-01 00:00:00-04:00,1281.9365234375,1356.8365478515625,1281.9365234375,1330.0364990234375,3190
2010-11-01 00:00:00-04:00,1333.236572265625,1396.136474609375,1300.4365234375,1357.9365234375,245327
2010-12-01 00:00:00-05:00,1359.736572265625,1404.0364990234375,1335.4365234375,1394.0364990234375,16511
2011-01-01 00:00:00-05:00,1388.5364990234375,1396.8365478515625,1280.636474609375,1306.736572265625,299379
2011-02-01 00:00:00-05:00,1306.0364990234375,1388.636474609375,1297.8365478515625,1382.236572265625,14468
2011-03-01 00:00:00-05:00,1388.236572265625,1419.8365478515625,1358.4365234375,1411.8365478515625,194338
2011-04-01 00:00:00-04:00,1406.3365478515625,1541.636474609375,1385.9365234375,1528.9365234375,15801
2011-06-01 00:00:00-04:00,1508.636474609375,1531.4365234375,1463.636474609375,1475.236572265625,15027
2011-07-01 00:00:00-04:00,1475.136474609375,1607.8365478515625,1452.9365234375,1601.236572265625,309932
2011-08-01 00:00:00-04:00,1595.9365234375,1882.236572265625,1579.9365234375,1801.4365234375,25647
2011-09-01 00:00:00-04:00,1798.736572265625,1884.5364990234375,1535.3365478515625,1593.3365478515625,31848
2011-10-01 00:00:00-04:00,1600.736572265625,1724.9365234375,1569.5364990234375,1697.136474609375,2715
2011-11-01 00:00:00-04:00,1679.636474609375,1771.3365478515625,1647.3365478515625,1718.4365234375,257009
2011-12-01 00:00:00-05:00,1719.9365234375,1735.8365478515625,1497.9365234375,1538.736572265625,11311
2012-02-01 00:00:00-05:00,1711.136474609375,1763.3365478515625,1641.9365234375,1682.8365478515625,9587
2012-03-01 00:00:00-05:00,1671.5364990234375,1697.5364990234375,1606.736572265625,1642.236572265625,254540
2012-05-01 00:00:00-04:00,1637.9365234375,1643.4365234375,1501.4365234375,1535.5364990234375,345507
2012-06-01 00:00:00-04:00,1532.9365234375,1612.636474609375,1518.4365234375,1576.4365234375,11162
2012-08-01 00:00:00-04:00,1586.3365478515625,1662.9365234375,1556.0364990234375,1657.5364990234375,11783
2012-09-01 00:00:00-04:00,1662.0364990234375,1758.236572265625,1660.636474609375,1744.0364990234375,25557
2012-10-01 00:00:00-04:00,1738.9365234375,1767.736572265625,1671.5364990234375,1690.4365234375,2741
2012-11-01 00:00:00-04:00,1695.236572265625,1724.236572265625,1647.0364990234375,1683.8365478515625,345777
2012-12-01 00:00:00-05:00,1687.8365478515625,1695.236572265625,1608.736572265625,1647.736572265625,7061
2013-01-01 00:00:00-05:00,1645.736572265625,1667.636474609375,1598.636474609375,1633.5364990234375,197723
2013-02-01 00:00:00-05:00,1636.8365478515625,1656.3365478515625,1528.136474609375,1550.636474609375,11784
2013-03-01 00:00:00-05:00,1552.5364990234375,1586.736572265625,1534.736572265625,1567.736572265625,223847
2013-04-01 00:00:00-04:00,1569.736572265625,1575.5364990234375,1295.9365234375,1445.136474609375,14648
2013-05-01 00:00:00-04:00,1448.736572265625,1460.0364990234375,1315.8365478515625,1365.5364990234375,222108
2013-06-01 00:00:00-04:00,1362.0364990234375,1395.636474609375,1156.136474609375,1196.736572265625,12739
2013-07-01 00:00:00-04:00,1207.636474609375,1316.4365234375,1181.8365478515625,1285.3365478515625,186170
2013-08-01 00:00:00-04:00,1295.9365234375,1400.9365234375,1246.9365234375,1369.0364990234375,10507
2013-10-01 00:00:00-04:00,1300.9365234375,1332.636474609375,1227.0364990234375,1296.5364990234375,2723
2013-11-01 00:00:00-04:00,1298.636474609375,1298.636474609375,1201.9365234375,1223.5364990234375,270667
2014-01-01 00:00:00-05:00,1177.236572265625,1242.3365478515625,1177.236572265625,1213.0364990234375,189701
2014-02-01 00:00:00-05:00,1215.3365478515625,1316.8365478515625,1214.136474609375,1294.3365478515625,11943
2014-03-01 00:00:00-05:00,1308.8365478515625,1364.3365478515625,1255.3365478515625,1256.3365478515625,255794
2014-04-01 00:00:00-04:00,1258.0364990234375,1302.9365234375,1245.3365478515625,1268.5364990234375,8265
2014-05-01 00:00:00-04:00,1261.636474609375,1287.136474609375,1214.736572265625,1218.5364990234375,211143
2014-07-01 00:00:00-04:00,1299.636474609375,1316.636474609375,1253.5364990234375,1254.236572265625,224607
2014-08-01 00:00:00-04:00,1257.0364990234375,1294.3365478515625,1244.9365234375,1258.736572265625,9633
2014-09-01 00:00:00-04:00,1257.4365234375,1259.3365478515625,1176.9365234375,1183.4365234375,27705
2014-10-01 00:00:00-04:00,1180.636474609375,1223.9365234375,1134.3365478515625,1144.0364990234375,4510
2014-11-01 00:00:00-04:00,1139.3365478515625,1175.3365478515625,1105.9365234375,1148.136474609375,299410
2014-12-01 00:00:00-05:00,1132.9365234375,1210.9365234375,1114.636474609375,1156.8365478515625,11140
2015-01-01 00:00:00-05:00,1156.9365234375,1276.4365234375,1142.4365234375,1251.4365234375,258615
2015-04-01 00:00:00-04:00,1155.8365478515625,1197.136474609375,1147.5364990234375,1155.3365478515625,7838
2015-05-01 00:00:00-04:00,1151.0364990234375,1201.0364990234375,1142.9365234375,1162.3365478515625,258123
2015-06-01 00:00:00-04:00,1163.5364990234375,1176.9365234375,1136.9365234375,1144.4365234375,6252
2015-07-01 00:00:00-04:00,1146.0364990234375,1146.0364990234375,1051.5364990234375,1067.8365478515625,216892
2015-08-01 00:00:00-04:00,1068.4365234375,1141.9365234375,1053.4365234375,1104.5364990234375,13251
2015-09-01 00:00:00-04:00,1106.4365234375,1128.8365478515625,1071.136474609375,1088.4365234375,9119
2015-10-01 00:00:00-04:00,1088.136474609375,1161.9365234375,1078.736572265625,1114.4365234375,4321
2015-12-01 00:00:00-05:00,1037.5364990234375,1071.736572265625,1019.136474609375,1033.236572265625,10149
2016-01-01 00:00:00-05:00,1036.3365478515625,1098.636474609375,1036.136474609375,1089.3365478515625,229558
2016-02-01 00:00:00-05:00,1089.636474609375,1233.736572265625,1088.236572265625,1206.8365478515625,13930
2016-03-01 00:00:00-05:00,1213.4365234375,1253.636474609375,1182.9365234375,1207.136474609375,244751
2016-04-01 00:00:00-04:00,1205.236572265625,1268.4365234375,1182.136474609375,1262.136474609375,9954
2016-06-01 00:00:00-04:00,1188.636474609375,1328.5364990234375,1178.3365478515625,1291.3365478515625,13380
2016-07-01 00:00:00-04:00,1297.4365234375,1347.8365478515625,1285.736572265625,1321.9365234375,281653
2016-08-01 00:00:00-04:00,1321.736572265625,1338.9365234375,1279.236572265625,1279.8365478515625,11854
2016-09-01 00:00:00-04:00,1278.236572265625,1323.4365234375,1274.4365234375,1286.236572265625,18630
2016-10-01 00:00:00-04:00,1286.4365234375,1289.736572265625,1221.8365478515625,1244.4365234375,5775
2016-11-01 00:00:00-04:00,1252.236572265625,1291.5364990234375,1140.8365478515625,1143.736572265625,242622
2016-12-01 00:00:00-05:00,1145.636474609375,1159.636474609375,1096.8365478515625,1122.9365234375,9972
2017-02-01 00:00:00-05:00,1184.8365478515625,1236.0364990234375,1170.8365478515625,1225.5364990234375,11087
2017-03-01 00:00:00-05:00,1220.736572265625,1230.636474609375,1169.136474609375,1220.236572265625,251026
2017-04-01 00:00:00-04:00,1220.4365234375,1267.736572265625,1215.9365234375,1239.0364990234375,9065
2017-05-01 00:00:00-04:00,1241.636474609375,1246.136474609375,1186.9365234375,1244.9365234375,404733
2017-06-01 00:00:00-04:00,1240.9365234375,1268.136474609375,1211.0364990234375,1213.636474609375,8948
2017-07-01 00:00:00-04:00,1208.9365234375,1243.736572265625,1181.5364990234375,1239.5364990234375,292633
2017-08-01 00:00:00-04:00,1241.3365478515625,1296.736572265625,1224.3365478515625,1289.136474609375,10098
2017-09-01 00:00:00-04:00,1293.136474609375,1328.736572265625,1249.9365234375,1254.4365234375,26808
2017-11-01 00:00:00-04:00,1245.136474609375,1269.136474609375,1238.236572265625,1246.136474609375,326214
2017-12-01 00:00:00-05:00,1247.0364990234375,1279.236572265625,1209.4365234375,1279.236572265625,7596
2018-01-01 00:00:00-05:00,1275.236572265625,1335.3365478515625,1275.236572265625,1311.9365234375,338322
2018-02-01 00:00:00-05:00,1316.736572265625,1334.3365478515625,1279.9365234375,1288.4365234375,10243
2018-03-01 00:00:00-05:00,1283.3365478515625,1327.3365478515625,1274.736572265625,1295.736572265625,356297
2018-05-01 00:00:00-04:00,1286.136474609375,1293.736572265625,1258.136474609375,1273.0364990234375,441893
2018-06-01 00:00:00-04:00,1271.5364990234375,1280.636474609375,1217.736572265625,1224.236572265625,5166
2018-08-01 00:00:00-04:00,1195.8365478515625,1196.636474609375,1134.3365478515625,1173.236572265625,5996
2018-09-01 00:00:00-04:00,1166.736572265625,1179.136474609375,1152.9365234375,1164.4365234375,23406
2018-10-01 00:00:00-04:00,1164.5364990234375,1211.5364990234375,1156.636474609375,1185.236572265625,4126
2018-11-01 00:00:00-04:00,1188.3365478515625,1208.9365234375,1169.236572265625,1193.136474609375,304805
2018-12-01 00:00:00-05:00,1195.4365234375,1254.236572265625,1194.236572265625,1251.236572265625,4402
2019-01-01 00:00:00-05:00,1258.9365234375,1298.3365478515625,1248.236572265625,1292.636474609375,270998
2019-02-01 00:00:00-05:00,1293.236572265625,1316.9365234375,1274.5364990234375,1285.736572265625,7989
2019-03-01 00:00:00-05:00,1285.136474609375,1295.8365478515625,1253.9365234375,1265.9365234375,295700
2019-04-01 00:00:00-04:00,1264.736572265625,1282.0364990234375,1238.9365234375,1255.736572265625,6961
2019-05-01 00:00:00-04:00,1251.636474609375,1279.3365478515625,1239.5364990234375,1278.736572265625,248448
2019-06-01 00:00:00-04:00,1279.9365234375,1406.236572265625,1279.9365234375,1382.636474609375,6517
2019-07-01 00:00:00-04:00,1359.5364990234375,1417.136474609375,1355.736572265625,1399.0364990234375,302051
2019-08-01 00:00:00-04:00,1384.236572265625,1522.236572265625,1373.8365478515625,1492.0364990234375,17142
2019-10-01 00:00:00-04:00,1441.636474609375,1491.136474609375,1431.236572265625,1484.3365478515625,5233
2019-11-01 00:00:00-04:00,1483.9365234375,1484.5364990234375,1420.0364990234375,1438.5364990234375,443701
2020-01-01 00:00:00-05:00,1491.0364990234375,1577.136474609375,1490.9365234375,1555.8365478515625,316262
2020-02-01 00:00:00-05:00,1565.8365478515625,1659.5364990234375,1520.636474609375,1537.0364990234375,9617
2020-04-01 00:00:00-04:00,1542.9365234375,1747.9365234375,1542.9365234375,1657.136474609375,14324
2020-05-01 00:00:00-04:00,1659.5364990234375,1743.4365234375,1643.4365234375,1724.636474609375,317154
2020-06-01 00:00:00-04:00,1722.736572265625,1776.9365234375,1644.636474609375,1773.4365234375,4149624
2020-07-01 00:00:00-04:00,1771.8365478515625,1954.0364990234375,1739.236572265625,1935.736572265625,5295144
2020-08-01 00:00:00-04:00,1957.236572265625,2062.136474609375,1847.136474609375,1951.5364990234375,7179802
2020-09-01 00:00:00-04:00,1946.636474609375,1974.136474609375,1823.9365234375,1868.4365234375,5922801
2020-10-01 00:00:00-04:00,1864.136474609375,1912.3365478515625,1832.136474609375,1852.8365478515625,4417867
2020-12-01 00:00:00-05:00,1747.9365234375,1884.9365234375,1747.8365478515625,1868.0364990234375,3824809
2021-01-01 00:00:00-05:00,1881.136474609375,1935.4365234375,1773.736572265625,1820.236572265625,4643051
2021-02-01 00:00:00-05:00,1837.9365234375,1848.9365234375,1687.8365478515625,1701.736572265625,4332973
2021-03-01 00:00:00-05:00,1705.736572265625,1730.3365478515625,1646.236572265625,1686.736572265625,4879867
2021-04-01 00:00:00-04:00,1681.9365234375,1771.3365478515625,1679.3365478515625,1740.636474609375,3603858
2021-05-01 00:00:00-04:00,1741.0364990234375,1886.236572265625,1738.5364990234375,1875.4365234375,4936827
2021-06-01 00:00:00-04:00,1879.736572265625,1892.136474609375,1723.0364990234375,1744.5364990234375,4623856
2021-07-01 00:00:00-04:00,1743.736572265625,1807.9365234375,1738.8365478515625,1785.5364990234375,4192166
2021-09-01 00:00:00-04:00,1789.636474609375,1809.8365478515625,1694.0364990234375,1729.9365234375,3652909
2021-10-01 00:00:00-04:00,1730.136474609375,1788.4365234375,1718.3365478515625,1756.8365478515625,3919036
2021-11-01 00:00:00-04:00,1758.236572265625,1852.4365234375,1731.4365234375,1746.5364990234375,4814513
2021-12-01 00:00:00-05:00,1750.3365478515625,1804.3365478515625,1725.9365234375,1801.5364990234375,2881332
2022-01-01 00:00:00-05:00,1803.0364990234375,1827.136474609375,1751.736572265625,1767.9365234375,4144251
2022-02-01 00:00:00-05:00,1771.8365478515625,1949.4365234375,1761.4365234375,1873.636474609375,4059773
2022-03-01 00:00:00-05:00,1881.3365478515625,2051.736572265625,1861.236572265625,1922.136474609375,4762586
2022-04-01 00:00:00-04:00,1915.3365478515625,1975.9365234375,1843.8365478515625,1884.636474609375,3152960
2022-06-01 00:00:00-04:00,1812.9365234375,1855.4365234375,1775.4365234375,1780.236572265625,3473620
2022-07-01 00:00:00-04:00,1781.0364990234375,1788.136474609375,1651.3365478515625,1735.8365478515625,3874011
2022-08-01 00:00:00-04:00,1755.4365234375,1797.5364990234375,1693.5364990234375,1699.136474609375,3192396
2022-09-01 00:00:00-04:00,1695.9365234375,1719.3365478515625,1595.136474609375,1644.9365234375,4203806
2022-10-01 00:00:00-04:00,1643.4365234375,1711.636474609375,1594.0364990234375,1613.636474609375,3752534
2022-11-01 00:00:00-04:00,1609.0364990234375,1764.736572265625,1591.236572265625,1718.9365234375,4171945
2022-12-01 00:00:00-05:00,1756.0364990234375,1814.8365478515625,1751.0364990234375,1799.136474609375,3103065
2023-02-01 00:00:00-05:00,1916.9365234375,1948.136474609375,1783.736572265625,1809.636474609375,3628482
2023-03-01 00:00:00-05:00,1806.9365234375,1987.8365478515625,1786.3365478515625,1941.9365234375,5377341
2023-04-01 00:00:00-04:00,1962.9365234375,2036.33642578125,1938.8365478515625,1972.0364990234375,3491766
2023-05-01 00:00:00-04:00,1973.136474609375,2058.33642578125,1903.9365234375,1936.8365478515625,4740417
2023-06-01 00:00:00-04:00,1954.236572265625,1973.636474609375,1873.5364990234375,1902.3365478515625,3829320
2023-07-01 00:00:00-04:00,1900.736572265625,1962.736572265625,1881.4365234375,1943.4365234375,3850847
2023-08-01 00:00:00-04:00,1977.136474609375,1977.3365478515625,1886.5364990234375,1938.8365478515625,3305058
2023-09-01 00:00:00-04:00,1939.3365478515625,1953.136474609375,1835.236572265625,1839.0364990234375,3561279
2023-11-01 00:00:00-04:00,1966.236572265625,2025.03662109375,1908.5364990234375,2011.0364990234375,4018719
2023-12-01 00:00:00-05:00,2029.4365234375,2125.236572265625,1960.8365478515625,2044.736572265625,3431274
2024-01-01 00:00:00-05:00,2045.636474609375,2061.03662109375,1976.9365234375,2021.33642578125,4375402
2024-02-01 00:00:00-05:00,2030.83642578125,2056.136474609375,1969.3365478515625,2027.636474609375,3537397
2024-03-01 00:00:00-05:00,2025.736572265625,2207.03662109375,2019.9365234375,2190.33642578125,5021831
2024-04-01 00:00:00-04:00,2232.136474609375,2421.736572265625,2222.03662109375,2275.83642578125,5875419
2024-05-01 00:00:00-04:00,2271.136474609375,2427.136474609375,2258.136474609375,2295.83642578125,4750796
2024-06-01 00:00:00-04:00,2320.9365234375,2379.636474609375,2277.136474609375,2312.53662109375,3332993
2024-07-01 00:00:00-04:00,2309.136474609375,2461.33642578125,2300.33642578125,2399.4365234375,4503845
2024-08-01 00:00:00-04:00,2466.33642578125,2543.33642578125,2376.736572265625,2500.53662109375,4084294
2024-10-01 00:00:00-04:00,2629.03662109375,2774.736572265625,2591.736572265625,2722.236572265625,4067422
2024-11-01 00:00:00-04:00,2726.9365234375,2745.33642578125,2514.4365234375,2629.9365234375,4411837
2025-01-01 00:00:00-05:00,2613.9365234375,2810.9365234375,2597.53662109375,2785.4365234375,3899108
2025-02-01 00:00:00-05:00,2819.4365234375,2946.9365234375,2775.136474609375,2821.4365234375,3764015
2025-03-01 00:00:00-05:00,2844.9365234375,3105.4365234375,2839.236572265625,3095.736572265625,3743829
2025-04-01 00:00:00-04:00,3130.236572265625,3482.83642578125,2943.33642578125,3292.03662109375,5385356
2025-05-01 00:00:00-04:00,3271.9365234375,3421.136474609375,3096.236572265625,3261.83642578125,4752748
2025-07-01 00:00:00-04:00,3288.636474609375,3424.636474609375,3236.83642578125,3266.136474609375,3759289
2025-08-01 00:00:00-04:00,3315.636474609375,3507.03662109375,3304.33642578125,3489.03662109375,3364906
2025-09-01 00:00:00-04:00,3490.83642578125,3872.136474609375,3478.9365234375,3846.136474609375,4949490
2025-10-01 00:00:00-04:00,3860.636474609375,4370.9365234375,3815.736572265625,3969.4365234375,7907238
2025-11-01 00:00:00-04:00,3973.9365234375,4236.03662109375,3908.636474609375,4227.83642578125,4243142
2025-12-01 00:00:00-05:00,4231.4365234375,4556.9365234375,4166.9365234375,4314.03662109375,4493441
2026-01-01 00:00:00-05:00,4312.9365234375,5559.13671875,4292.63671875,4718.03662109375,6078998
2026-04-01 00:00:00-04:00,4671.33642578125,4890.63671875,4495.13671875,4602.53662109375,2613792
2026-05-01 00:00:00-04:00,4609.83642578125,4756.33642578125,4336.4365234375,4565.9365234375,2864929
2026-06-01 00:00:00-04:00,4548.13671875,4550.236328125,3928.33642578125,4011.4365234375,3089721
2026-07-01 00:00:00-04:00,3997.9365234375,4188.4365234375,3935.9365234375,4079.9365234375,2869349
2026-08-01 00:00:00-04:00,4108.13671875,4727.9365234375,4046.9365234375,4454.4365234375,3445174
2026-09-01 00:00:00-04:00,4471.63671875,4531.4365234375,4153.4365234375,4154.03662109375,3034099
