datetime,open,high,low,close,volume
2015-07-06,1168.902,1175.668,1147.2865,1163.647,28381
2015-07-13,1163.647,1165.1005,1131.1495,1134.4725,33951
2015-07-20,1134.4725,1134.4725,1072.2495,1099.534,62223
2015-07-27,1099.534,1105.157,1080.1555,1095.5685,25001
2015-08-03,1095.5685,1099.679,1081.085,1094.175,18594
2015-08-10,1094.175,1126.925,1089.744,1114.921,37181
2015-08-17,1114.921,1168.389,1109.5725,1161.1095,58816
2015-08-24,1161.1095,1170.28,1117.7665,1133.744,52513
2015-08-31,1133.744,1148.0765,1116.519,1121.578,31557
2015-09-07,1121.578,1126.9425,1098.795,1107.7665,28147
2015-09-14,1107.7665,1141.9215,1102.545,1139.059,39376
2015-09-21,1139.059,1156.7635,1121.3945,1146.2295,35368
2015-09-28,1146.2295,1148.3695,1104.735,1138.492,43634
2015-10-05,1138.492,1159.741,1130.214,1156.36,29527
2015-10-12,1156.36,1191.653,1151.942,1176.7425,39711
2015-10-19,1176.7425,1181.0175,1159.0165,1164.4585,22000
2015-10-26,1164.4585,1183.08,1138.932,1142.173,44147
2015-11-02,1142.173,1143.1005,1085.524,1089.661,57576
2015-11-09,1089.661,1095.9155,1074.0375,1083.8925,21878
2015-11-16,1083.8925,1098.199,1063.846,1077.765,34353
2015-11-23,1077.765,1081.25,1052.885,1057.7685,28365
2015-11-30,1057.7685,1088.908,1046.459,1086.532,42448
2015-12-07,1086.532,1086.783,1062.541,1074.8315,24241
2015-12-14,1074.8315,1078.5705,1047.755,1066.23,30815
2015-12-21,1066.23,1081.8075,1063.953,1076.2445,17854
2015-12-28,1076.2445,1077.2065,1057.808,1060.6345,19398
2016-01-04,1060.6345,1113.7065,1060.6345,1104.161,53072
2016-01-11,1104.161,1108.6215,1071.475,1088.7755,37146
2016-01-18,1088.7755,1109.851,1082.471,1097.653,27380
2016-01-25,1097.653,1128.1735,1097.344,1118.143,30829
2016-02-01,1118.143,1174.66,1115.614,1173.5065,59046
2016-02-08,1173.5065,1263.436,1164.2965,1237.951,99139
2016-02-15,1237.951,1240.021,1190.9975,1226.326,49023
2016-02-22,1226.326,1253.378,1202.046,1222.997,51331
2016-02-29,1222.997,1279.9235,1215.759,1259.277,64164
2016-03-07,1259.277,1284.979,1237.0325,1250.3545,47946
2016-03-14,1250.3545,1271.057,1225.664,1255.2935,45393
2016-03-21,1255.2935,1260.3555,1211.108,1217.3005,49247
2016-03-28,1217.3005,1244.432,1207.873,1222.3655,36558
2016-04-04,1222.3655,1243.351,1214.7315,1239.6775,28619
2016-04-11,1239.6775,1262.7885,1223.96,1234.0655,38828
2016-04-18,1234.0655,1270.3615,1227.586,1232.3945,42775
2016-04-25,1232.3945,1296.913,1230.238,1293.3535,66674
2016-05-02,1293.3535,1303.838,1268.981,1287.737,34856
2016-05-09,1287.737,1287.737,1256.9375,1273.064,30799
2016-05-16,1273.064,1288.7695,1244.058,1252.23,44711
2016-05-23,1252.23,1256.1715,1206.8155,1212.9815,49355
2016-05-30,1212.9815,1244.924,1199.655,1244.247,45269
2016-06-06,1244.247,1278.2235,1234.7685,1273.7815,43455
2016-06-13,1273.7815,1315.7595,1272.581,1298.6375,43178
2016-06-20,1298.6375,1358.7615,1250.4275,1315.7225,108334
2016-06-27,1315.7225,1344.615,1305.5175,1341.229,39097
2016-07-04,1341.229,1375.307,1335.3295,1366.235,39977
2016-07-11,1366.235,1375.2295,1320.2825,1337.4675,54946
2016-07-18,1337.4675,1338.316,1310.8785,1322.2945,27437
2016-07-25,1322.2945,1355.119,1311.9025,1351.2055,43216
2016-08-01,1351.2055,1367.3175,1334.758,1336.112,32559
2016-08-08,1336.112,1357.358,1330.041,1336.2345,27317
2016-08-15,1336.2345,1358.208,1335.388,1341.602,22820
2016-08-22,1341.602,1344.8475,1318.067,1320.5305,26780
2016-08-29,1320.5305,1330.3025,1302.5685,1325.4725,27733
2016-09-05,1325.4725,1352.8545,1321.874,1326.985,30980
2016-09-12,1326.985,1332.1295,1306.3285,1310.1955,25800
2016-09-19,1310.1955,1343.731,1307.851,1338.169,35879
2016-09-26,1338.169,1342.2365,1313.3525,1316.0645,28884
2016-10-03,1316.0645,1319.7,1241.511,1257.4635,78189
2016-10-10,1257.4635,1265.0505,1246.146,1251.5925,18904
2016-10-17,1251.5925,1274.8795,1250.292,1266.3755,24587
2016-10-24,1266.3755,1284.403,1260.421,1275.792,23981
2016-10-31,1275.792,1308.0775,1271.262,1305.1135,36815
2016-11-07,1305.1135,1337.495,1219.1785,1227.8555,118316
2016-11-14,1227.8555,1233.2355,1202.525,1207.8835,30710
2016-11-21,1207.8835,1221.147,1170.938,1184.2895,50208
2016-11-28,1184.2895,1197.7475,1160.8295,1177.287,36917
2016-12-05,1177.287,1188.267,1156.2945,1159.8395,31972
2016-12-12,1159.8395,1165.8825,1122.751,1134.7365,43131
2016-12-19,1134.7365,1142.508,1125.873,1132.388,16634
2016-12-26,1132.388,1163.4065,1131.709,1151.61,31697
2017-01-02,1151.61,1185.151,1146.157,1172.6905,38994
2017-01-09,1172.6905,1207.047,1172.038,1197.383,35009
2017-01-16,1197.383,1218.944,1195.922,1210.395,23021
2017-01-23,1210.395,1220.224,1180.59,1191.082,39634
2017-01-30,1191.082,1225.409,1188.338,1220.5935,37071
2017-02-06,1220.5935,1244.83,1219.236,1233.755,25593
2017-02-13,1233.755,1243.85,1216.752,1234.7255,27097
2017-02-20,1234.7255,1260.198,1226.248,1257.3295,33950
2017-02-27,1257.3295,1263.944,1222.911,1234.974,41032
2017-03-06,1234.974,1236.95,1195.067,1204.6815,41883
2017-03-13,1204.6815,1233.884,1197.294,1229.3345,36589
2017-03-20,1229.3345,1253.408,1226.962,1243.449,26445
2017-03-27,1243.449,1261.081,1239.677,1249.119,21403
2017-04-03,1249.119,1271.122,1243.821,1254.437,27301
2017-04-10,1254.437,1288.644,1247.112,1287.5825,41531
2017-04-17,1287.5825,1295.612,1273.904,1284.265,21708
2017-04-24,1284.265,1284.265,1259.97,1268.229,24295
2017-05-01,1268.229,1271.295,1225.579,1228.368,45716
2017-05-08,1228.368,1236.652,1214.392,1228.021,22259
2017-05-15,1228.021,1265.091,1226.975,1255.759,38115
2017-05-22,1255.759,1269.543,1247.979,1266.928,21563
2017-05-29,1266.928,1279.677,1259.044,1279.29,20632
2017-06-05,1279.29,1296.208,1264.771,1266.732,31437
2017-06-12,1266.732,1281.204,1251.534,1254.449,29669
2017-06-19,1254.449,1258.912,1240.902,1256.7525,18009
2017-06-26,1256.7525,1258.272,1236.006,1242.118,22265
2017-07-03,1242.118,1242.826,1207.416,1212.935,35410
2017-07-10,1212.935,1233.042,1204.89,1228.971,28151
2017-07-17,1228.971,1255.7625,1228.282,1254.9845,27480
2017-07-24,1254.9845,1270.962,1243.821,1269.5595,27141
2017-07-31,1269.5595,1274.204,1254.271,1259.177,19932
2017-08-07,1259.177,1292.354,1251.614,1289.36,40740
2017-08-14,1289.36,1300.926,1267.397,1284.523,33529
2017-08-21,1284.523,1295.152,1276.196,1291.443,18956
2017-08-28,1291.443,1329.053,1291.443,1324.876,37610
2017-09-04,1324.876,1357.624,1324.876,1346.7815,32748
2017-09-11,1346.7815,1346.7815,1315.683,1320.66,31098
2017-09-18,1320.66,1320.66,1288.15,1297.293,32509
2017-09-25,1297.293,1313.809,1275.633,1280.081,38175
2017-10-02,1280.081,1282.32,1260.668,1276.372,21652
2017-10-09,1276.372,1304.299,1275.331,1303.797,28968
2017-10-16,1303.797,1306.138,1276.729,1280.368,29408
2017-10-23,1280.368,1283.772,1263.582,1274.131,20189
2017-10-30,1274.131,1284.271,1265.534,1269.9905,18736
2017-11-06,1269.9905,1288.744,1266.174,1275.413,22569
2017-11-13,1275.413,1296.984,1270.118,1294.343,26865
2017-11-20,1294.343,1294.956,1274.518,1288.457,20437
2017-11-27,1288.457,1299.326,1270.371,1280.637,28954
2017-12-04,1280.637,1280.637,1243.958,1248.3,36678
2017-12-11,1248.3,1261.957,1236.527,1255.157,25430
2017-12-18,1255.157,1276.203,1252.872,1274.756,23330
2017-12-25,1274.756,1307.676,1273.408,1303.247,34268
2018-01-01,1303.247,1326.064,1302.9,1319.864,23163
2018-01-08,1319.864,1339.434,1308.318,1338.425,31115
2018-01-15,1338.425,1344.874,1324.3,1331.678,20574
2018-01-22,1331.678,1366.112,1328.5,1349.765,37612
2018-01-29,1349.765,1352.506,1327.472,1333.081,25034
2018-02-05,1333.081,1346.192,1307.081,1316.47,39111
2018-02-12,1316.47,1361.796,1314.294,1347.532,47501
2018-02-19,1347.532,1351.463,1321.026,1329.623,30436
2018-02-26,1329.623,1341.072,1302.832,1322.064,38239
2018-03-05,1322.064,1340.6,1312.862,1323.532,27737
2018-03-12,1323.532,1330.162,1309.687,1314.435,20475
2018-03-19,1314.435,1350.334,1307.21,1348.008,43124
2018-03-26,1348.008,1356.917,1321.248,1325.2385,35668
2018-04-02,1325.2385,1348.266,1320.075,1333.3325,28191
2018-04-09,1333.3325,1365.37,1326.93,1345.9,38439
2018-04-16,1345.9,1355.81,1335.006,1336.154,20803
2018-04-23,1336.154,1336.154,1315.286,1323.699,20867
2018-04-30,1323.699,1325.032,1301.756,1314.994,23275
2018-05-07,1314.994,1326.046,1304.332,1318.571,21713
2018-05-14,1318.571,1322.431,1284.914,1292.603,37517
2018-05-21,1292.603,1307.89,1282.031,1301.826,25859
2018-05-28,1301.826,1306.912,1289.567,1293.668,17345
2018-06-04,1293.668,1303.327,1289.908,1299.235,13419
2018-06-11,1299.235,1309.404,1275.502,1279.665,33902
2018-06-18,1279.665,1284.098,1261.259,1269.96,22838
2018-06-25,1269.96,1272.702,1245.98,1253.022,26721
2018-07-02,1253.022,1261.181,1238.02,1255.257,23161
2018-07-09,1255.257,1266.023,1236.518,1241.68,29504
2018-07-16,1241.68,1245.654,1211.52,1231.212,34134
2018-07-23,1231.212,1235.298,1217.594,1223.459,17703
2018-07-30,1223.459,1228.589,1204.528,1213.879,24060
2018-08-06,1213.879,1217.988,1205.78,1212.019,12208
2018-08-13,1212.019,1213.983,1160.324,1184.679,53658
2018-08-20,1184.679,1208.715,1182.895,1205.782,25819
2018-08-27,1205.782,1214.41,1195.945,1201.055,18465
2018-09-03,1201.055,1207.084,1189.686,1196.55,17398
2018-09-10,1196.55,1212.748,1187.818,1194.061,24930
2018-09-17,1194.061,1211.153,1192.023,1198.717,19130
2018-09-24,1198.717,1204.234,1180.77,1191.82,23463
2018-10-01,1191.82,1208.405,1184.62,1203.782,23785
2018-10-08,1203.782,1226.4,1182.9,1217.62,43500
2018-10-15,1217.62,1233.292,1216.991,1226.682,16300
2018-10-22,1226.682,1243.47,1220.137,1233.903,23333
2018-10-29,1233.903,1237.504,1212.001,1233.05,25502
2018-11-05,1233.05,1236.911,1206.734,1209.832,30177
2018-11-12,1209.832,1225.364,1196.436,1221.811,28928
2018-11-19,1221.811,1230.003,1218.096,1223.148,11906
2018-11-26,1223.148,1229.091,1211.281,1222.028,17809
2018-12-03,1222.028,1250.082,1221.381,1248.084,28701
2018-12-10,1248.084,1251.276,1233.0,1238.593,18276
2018-12-17,1238.593,1266.558,1235.867,1255.984,30691
2018-12-24,1255.984,1282.237,1255.984,1281.362,26253
2018-12-31,1281.362,1298.633,1276.699,1285.145,21933
2019-01-07,1285.145,1297.194,1279.437,1287.62,17757
2019-01-14,1287.62,1295.954,1280.717,1281.689,15236
2019-01-21,1281.689,1304.099,1276.851,1303.2,27247
2019-01-28,1303.2,1326.312,1297.772,1317.796,28539
2019-02-04,1317.796,1319.129,1302.887,1314.12,16241
2019-02-11,1314.12,1322.543,1302.449,1321.053,20093
2019-02-18,1321.053,1346.743,1320.676,1328.062,26067
2019-02-25,1328.062,1332.606,1290.315,1293.311,42290
2019-03-04,1293.311,1300.836,1280.922,1298.889,19913
2019-03-11,1298.889,1311.288,1290.558,1302.434,20730
2019-03-18,1302.434,1320.434,1298.325,1313.666,22108
2019-03-25,1313.666,1324.568,1286.842,1292.412,37725
2019-04-01,1292.412,1297.077,1280.984,1291.698,16093
2019-04-08,1291.698,1310.602,1289.779,1290.233,20823
2019-04-15,1290.233,1292.022,1271.28,1275.68,20741
2019-04-22,1275.68,1288.743,1266.421,1286.137,22321
2019-04-29,1286.137,1287.236,1266.389,1279.072,20847
2019-05-06,1279.072,1291.513,1277.116,1285.97,14396
2019-05-13,1285.97,1303.364,1274.962,1277.532,28402
2019-05-20,1277.532,1287.347,1269.603,1284.612,17743
2019-05-27,1284.612,1306.898,1275.124,1305.276,31773
2019-06-03,1305.276,1348.212,1305.276,1340.437,42935
2019-06-10,1340.437,1358.222,1319.999,1341.932,38222
2019-06-17,1341.932,1411.993,1333.12,1399.427,78873
2019-06-24,1399.427,1439.318,1398.745,1409.407,40573
2019-07-01,1409.407,1437.8,1381.904,1399.43,55895
2019-07-08,1399.43,1427.203,1385.87,1415.611,41333
2019-07-15,1415.611,1453.005,1400.214,1425.58,52791
2019-07-22,1427.59,1433.826,1411.206,1418.638,22620
2019-07-29,1418.638,1448.998,1400.613,1440.959,48384
2019-08-05,1440.959,1510.452,1436.794,1496.717,73657
2019-08-12,1496.717,1535.094,1479.99,1513.791,55104
2019-08-19,1513.791,1530.204,1492.593,1527.378,37610
2019-08-26,1539.725,1555.182,1517.16,1520.531,38021
2019-09-02,1527.821,1557.074,1502.707,1506.92,54366
2019-09-09,1506.923,1524.25,1484.705,1488.747,39545
2019-09-16,1488.747,1517.06,1483.311,1516.975,33749
2019-09-23,1514.557,1535.668,1487.105,1497.199,48562
2019-09-30,1495.252,1519.651,1459.17,1504.738,60480
2019-10-07,1511.782,1517.108,1474.094,1488.966,43013
2019-10-14,1488.85,1498.486,1477.228,1490.44,21258
2019-10-21,1491.384,1517.974,1480.961,1504.52,37012
2019-10-28,1504.52,1516.171,1481.264,1514.325,34907
2019-11-04,1514.325,1514.879,1456.322,1459.262,58557
2019-11-11,1459.262,1474.604,1445.707,1468.162,28896
2019-11-18,1468.162,1478.739,1456.458,1462.617,22280
2019-11-25,1462.617,1466.461,1450.186,1463.989,16275
2019-12-02,1463.989,1484.085,1454.178,1460.413,29906
2019-12-09,1460.413,1486.783,1458.796,1476.328,27986
2019-12-16,1476.328,1481.762,1470.58,1478.088,11182
2019-12-23,1478.088,1515.32,1477.587,1511.131,37732
2019-12-30,1511.131,1553.537,1510.88,1552.394,42656
2020-01-06,1552.394,1611.498,1540.256,1562.212,71241
2020-01-13,1562.212,1562.212,1536.016,1557.304,26195
2020-01-20,1557.304,1575.929,1546.403,1571.724,29526
2020-01-27,1571.724,1590.55,1563.471,1589.975,27078
2020-02-03,1589.975,1592.168,1547.5535,1570.384,44614
2020-02-10,1570.384,1585.08,1561.984,1583.846,23096
2020-02-17,1583.846,1649.34,1578.935,1643.397,70404
2020-02-24,1643.397,1689.384,1563.038,1586.542,126346
2020-03-02,1586.542,1692.252,1575.579,1674.062,116673
2020-03-09,1674.062,1703.282,1504.782,1529.486,198500
2020-03-16,1529.486,1575.454,1451.432,1499.094,124021
2020-03-23,1499.094,1644.433,1482.79,1627.724,161643
2020-03-30,1627.724,1632.264,1572.827,1618.425,59436
2020-04-06,1618.425,1690.25,1609.26,1683.505,80990
2020-04-13,1683.505,1747.722,1675.045,1683.5,72676
2020-04-20,1683.5,1738.878,1661.416,1729.406,77461
2020-04-27,1729.406,1729.406,1670.909,1701.282,58496
2020-05-04,1701.282,1723.654,1682.632,1702.39,41021
2020-05-11,1702.39,1751.718,1692.126,1742.624,59592
2020-05-18,1742.624,1765.256,1717.568,1734.448,47688
2020-05-25,1734.448,1737.914,1694.006,1729.615,43907
2020-06-01,1729.615,1745.304,1670.438,1685.27,74865
2020-06-08,1685.27,1744.918,1677.506,1730.905,67411
2020-06-15,1730.905,1745.282,1704.484,1744.189,40798
2020-06-22,1744.189,1779.446,1742.68,1771.478,36765
2020-06-29,1771.478,1789.265,1757.665,1775.086,31600
2020-07-06,1775.086,1818.092,1770.1,1798.446,47992
2020-07-13,1798.446,1815.236,1790.766,1810.046,24470
2020-07-20,1810.046,1906.585,1805.878,1901.637,100707
2020-07-27,1901.637,1983.102,1900.01,1975.962,83092
2020-08-03,1975.962,2075.282,1960.54,2035.23,114742
2020-08-10,2035.23,2049.915,1862.899,1944.714,187016
2020-08-17,1944.714,2015.726,1911.586,1940.498,104140
2020-08-24,1940.498,1977.187,1902.726,1965.026,74460
2020-08-31,1965.026,1992.565,1916.696,1934.024,75869
2020-09-07,1934.024,1966.57,1906.628,1940.456,59942
2020-09-14,1940.456,1973.782,1932.886,1950.506,40895
2020-09-21,1950.506,1955.624,1848.842,1861.62,106781
2020-09-28,1861.62,1917.165,1848.801,1899.168,68364
2020-10-05,1899.168,1930.57,1872.898,1930.521,57672
2020-10-12,1930.521,1933.292,1882.434,1899.33,50857
2020-10-19,1899.33,1931.401,1894.483,1902.04,36918
2020-10-26,1902.04,1911.354,1860.08,1878.952,51274
2020-11-02,1878.952,1960.386,1873.504,1951.193,86882
2020-11-09,1951.193,1965.572,1850.53,1889.565,115041
2020-11-16,1889.565,1899.112,1852.792,1870.987,46320
2020-11-23,1870.987,1876.139,1774.41,1786.92,101728
2020-11-30,1786.92,1848.202,1764.57,1838.79,83632
2020-12-07,1838.79,1875.306,1822.253,1839.303,53053
2020-12-14,1839.303,1896.318,1819.418,1881.479,76900
2020-12-21,1881.479,1906.809,1855.148,1879.555,51661
2020-12-28,1879.555,1901.026,1869.309,1898.391,31717
2021-01-04,1898.391,1959.406,1828.276,1849.215,131129
2021-01-11,1849.215,1863.87,1817.16,1828.586,46709
2021-01-18,1828.586,1875.17,1802.955,1855.8,72215
2021-01-25,1855.8,1875.736,1831.426,1847.74,44310
2021-02-01,1847.74,1871.89,1785.02,1814.2,86870
2021-02-08,1814.2,1855.455,1807.865,1824.4,47589
2021-02-15,1824.4,1827.1,1760.754,1784.185,66346
2021-02-22,1784.185,1816.1,1717.27,1734.375,98829
2021-03-01,1734.375,1759.95,1687.29,1703.12,72660
2021-03-08,1703.12,1739.89,1676.866,1726.965,63024
2021-03-15,1726.965,1755.565,1719.25,1745.054,36315
2021-03-22,1745.054,1747.046,1721.695,1732.77,25351
2021-03-29,1732.77,1733.371,1677.954,1729.88,55417
2021-04-05,1729.88,1758.724,1721.366,1743.775,37357
2021-04-12,1743.775,1783.898,1723.792,1776.68,60105
2021-04-19,1776.68,1797.934,1763.72,1777.35,34213
2021-04-26,1777.35,1790.03,1756.132,1771.945,33897
2021-05-03,1771.945,1843.4,1766.29,1831.355,77110
2021-05-10,1831.355,1846.296,1808.866,1843.165,37430
2021-05-17,1843.165,1890.145,1842.02,1881.245,48125
2021-05-24,1881.245,1912.785,1872.755,1903.456,40029
2021-05-31,1903.456,1916.615,1856.04,1891.395,60575
2021-06-07,1891.395,1903.93,1869.945,1877.82,33985
2021-06-14,1877.82,1878.08,1761.04,1764.235,117039
2021-06-21,1764.235,1794.985,1764.235,1781.646,30750
2021-06-28,1781.646,1795.1,1750.74,1787.45,44359
2021-07-05,1787.45,1818.54,1784.52,1808.465,34019
2021-07-12,1808.465,1834.195,1791.645,1812.255,42549
2021-07-19,1812.255,1825.006,1789.69,1801.975,35316
2021-07-26,1801.975,1832.73,1792.795,1814.18,39934
2021-08-02,1814.18,1831.77,1758.8,1763.085,72970
2021-08-09,1763.085,1780.095,1677.686,1779.9,102409
2021-08-16,1779.9,1795.6,1770.876,1781.24,24723
2021-08-23,1781.24,1819.22,1776.559,1817.425,42661
2021-08-30,1817.425,1834.04,1801.72,1827.8,32319
2021-09-06,1827.8,1830.305,1782.47,1787.55,47835
2021-09-13,1787.55,1808.66,1745.355,1754.95,63305
2021-09-20,1754.95,1787.32,1737.84,1750.465,49480
2021-09-27,1750.465,1764.35,1721.71,1760.92,42639
2021-10-04,1760.92,1781.405,1745.99,1757.17,35414
2021-10-11,1757.17,1800.645,1750.245,1767.475,50400
2021-10-18,1767.475,1813.845,1760.375,1792.525,53470
2021-10-25,1792.525,1810.506,1771.98,1783.35,38526
2021-11-01,1783.35,1818.36,1758.89,1818.17,59469
2021-11-08,1818.17,1868.76,1812.495,1864.9,56265
2021-11-15,1864.9,1877.14,1843.09,1845.885,34050
2021-11-22,1845.885,1849.165,1778.615,1793.035,70549
2021-11-29,1793.035,1808.86,1761.94,1783.795,46919
2021-12-06,1783.795,1793.155,1770.215,1782.87,22940
2021-12-13,1782.87,1814.305,1753.07,1798.16,61235
2021-12-20,1798.16,1810.744,1784.905,1808.47,25838
2021-12-27,1808.47,1830.385,1789.494,1828.775,40891
2022-01-03,1828.775,1831.835,1782.675,1796.58,49160
2022-01-10,1796.58,1829.21,1790.436,1817.93,38774
2022-01-17,1817.93,1847.946,1805.84,1834.65,42105
2022-01-24,1834.65,1853.885,1780.33,1791.655,73555
2022-01-31,1791.655,1814.95,1785.61,1807.97,29340
2022-02-07,1807.97,1865.465,1807.934,1858.98,57530
2022-02-14,1858.98,1902.545,1844.61,1897.295,57935
2022-02-21,1897.295,1974.485,1878.095,1889.324,96389
2022-02-28,1889.324,1970.95,1889.324,1970.84,81625
2022-03-07,1970.84,2070.63,1958.68,1988.52,111950
2022-03-14,1988.52,1988.52,1895.065,1920.575,93454
2022-03-21,1920.575,1966.206,1910.73,1958.02,55475
2022-03-28,1958.02,1958.47,1890.155,1925.0,68315
2022-04-04,1925.0,1948.22,1915.08,1947.68,33140
2022-04-11,1947.68,1981.566,1940.035,1973.395,41530
2022-04-18,1973.395,1998.46,1926.636,1932.35,71824
2022-04-25,1932.35,1934.545,1872.215,1896.99,62330
2022-05-02,1896.99,1909.82,1850.47,1883.645,59349
2022-05-09,1883.645,1885.85,1799.16,1811.465,86689
2022-05-16,1811.465,1849.49,1786.785,1846.615,62704
2022-05-23,1846.615,1869.75,1840.756,1853.22,28993
2022-05-30,1853.22,1874.17,1828.54,1851.056,45630
2022-06-06,1851.056,1876.005,1825.14,1871.61,50865
2022-06-13,1871.61,1879.13,1805.205,1840.4,73925
2022-06-20,1840.4,1847.93,1816.98,1827.31,30950
2022-06-27,1827.31,1841.105,1784.575,1809.47,56529
2022-07-04,1809.47,1814.375,1729.985,1742.355,84390
2022-07-11,1742.355,1745.425,1697.64,1707.46,47784
2022-07-18,1707.46,1739.355,1680.935,1727.66,58420
2022-07-25,1727.66,1767.99,1711.56,1766.26,56430
2022-08-01,1766.26,1794.96,1754.35,1775.8,40610
2022-08-08,1775.8,1807.96,1771.22,1802.025,36740
2022-08-15,1802.025,1802.375,1745.585,1747.5,56789
2022-08-22,1747.5,1765.575,1727.85,1738.05,37725
2022-08-29,1738.05,1745.555,1688.915,1712.665,56640
2022-09-05,1712.665,1729.566,1691.46,1717.235,38105
2022-09-12,1717.235,1735.18,1654.19,1675.505,80990
2022-09-19,1675.505,1688.125,1639.745,1643.925,48380
2022-09-26,1643.925,1675.43,1614.925,1660.95,60505
2022-10-03,1660.95,1729.59,1659.695,1695.0,69894
2022-10-10,1695.0,1699.915,1640.27,1644.45,59644
2022-10-17,1644.45,1668.53,1617.28,1657.62,51250
2022-10-24,1657.62,1675.005,1638.12,1644.385,36885
2022-10-31,1644.385,1681.755,1616.675,1680.915,65080
2022-11-07,1680.915,1772.935,1664.76,1771.295,108174
2022-11-14,1771.295,1786.545,1747.555,1750.87,38990
2022-11-21,1750.87,1761.155,1727.495,1753.555,33660
2022-11-28,1753.555,1804.63,1739.675,1797.75,64955
2022-12-05,1797.75,1810.01,1765.91,1797.46,44099
2022-12-12,1797.46,1824.515,1773.845,1793.155,50670
2022-12-19,1793.155,1823.865,1783.905,1798.425,39960
2022-12-26,1798.425,1833.445,1797.1,1823.79,36345
2023-01-02,1823.79,1869.92,1823.79,1866.11,46130
2023-01-09,1866.11,1921.91,1866.11,1920.315,55800
2023-01-16,1920.315,1937.58,1896.675,1926.06,40904
2023-01-23,1926.06,1949.26,1911.435,1927.73,37825
2023-01-30,1927.73,1959.77,1861.43,1865.695,98339
2023-02-06,1865.695,1890.25,1852.835,1865.35,37414
2023-02-13,1865.35,1870.8,1818.975,1842.565,51825
2023-02-20,1842.565,1847.57,1809.01,1810.985,38559
2023-02-27,1810.985,1856.39,1804.685,1855.435,51705
2023-03-06,1855.435,1870.245,1809.425,1867.035,60819
2023-03-13,1867.035,1988.335,1867.035,1988.305,121299
2023-03-20,1988.305,2009.85,1934.345,1978.965,75504
2023-03-27,1978.965,1987.645,1944.045,1969.31,43599
2023-04-03,1969.31,2032.11,1949.81,2007.86,82299
2023-04-10,2007.86,2048.77,1981.68,2004.275,67089
2023-04-17,2004.275,2015.075,1969.305,1982.92,45769
2023-04-24,1982.92,2009.45,1974.115,1989.535,35335
2023-05-01,1989.535,2067.0,1977.12,2016.79,89880
2023-05-08,2016.79,2048.245,2000.96,2011.025,47284
2023-05-15,2011.025,2022.115,1952.01,1977.895,70105
2023-05-22,1977.895,1985.39,1936.815,1946.93,48575
2023-05-29,1946.93,1983.505,1932.11,1948.1,51395
2023-06-05,1948.1,1973.16,1938.15,1960.745,35009
2023-06-12,1960.745,1971.21,1925.04,1957.555,46170
2023-06-19,1957.555,1958.81,1910.21,1921.265,48599
2023-06-26,1921.265,1933.395,1893.07,1919.525,40325
2023-07-03,1919.525,1935.05,1902.745,1925.565,32305
2023-07-10,1925.565,1963.795,1912.75,1955.435,51045
2023-07-17,1955.435,1987.53,1945.84,1961.95,41690
2023-07-24,1961.95,1982.265,1942.645,1959.34,39620
2023-07-31,1959.34,1972.455,1924.78,1942.655,47674
2023-08-07,1942.655,1946.815,1910.9,1913.815,35914
2023-08-14,1913.815,1916.26,1885.085,1889.545,31174
2023-08-21,1889.545,1923.4,1884.885,1914.425,38515
2023-08-28,1914.425,1953.055,1912.835,1939.9,40220
2023-09-04,1939.9,1946.335,1915.345,1919.085,30990
2023-09-11,1919.085,1930.78,1901.05,1923.92,29730
2023-09-18,1923.92,1947.465,1913.94,1925.43,33524
2023-09-25,1925.43,1927.245,1846.335,1848.82,80909
2023-10-02,1848.82,1848.995,1810.465,1832.035,38529
2023-10-09,1832.035,1932.93,1832.035,1932.365,100894
2023-10-16,1932.365,1997.26,1908.235,1980.9,89025
2023-10-23,1980.9,2009.565,1953.635,2006.02,55930
2023-10-30,2006.02,2007.99,1969.91,1992.59,38079
2023-11-06,1992.59,1993.145,1933.03,1938.385,60115
2023-11-13,1938.385,1993.49,1931.685,1980.73,61805
2023-11-20,1980.73,2007.65,1965.495,2002.495,42155
2023-11-27,2002.495,2075.43,2000.67,2071.88,74759
2023-12-04,2071.88,2148.99,1994.74,2004.44,154249
2023-12-11,2004.44,2047.935,1973.09,2019.54,74845
2023-12-18,2019.54,2070.705,2016.065,2053.2,54639
2023-12-25,2053.2,2088.545,2053.2,2062.97,35345
2024-01-01,2062.97,2078.975,2024.525,2045.625,54449
2024-01-08,2045.625,2062.31,2013.39,2049.155,48919
2024-01-15,2049.155,2058.67,2001.895,2029.62,56775
2024-01-22,2029.62,2037.975,2009.445,2018.59,28529
2024-01-29,2018.59,2065.53,2018.59,2039.75,46940
2024-02-05,2039.75,2044.655,2014.96,2024.36,29694
2024-02-12,2024.36,2031.588,1984.305,2013.23,47282
2024-02-19,2013.23,2041.41,2000.355,2035.375,41055
2024-02-26,2035.375,2088.38,2024.555,2082.73,63825
2024-03-04,2082.73,2195.235,2079.53,2179.105,115704
2024-03-11,2179.105,2189.125,2150.66,2156.01,38465
2024-03-18,2156.01,2222.915,2146.155,2165.31,76759
2024-03-25,2165.31,2236.33,2163.615,2233.12,72715
2024-04-01,2233.12,2330.525,2228.54,2330.16,101985
2024-04-08,2330.16,2431.59,2302.975,2344.235,128615
2024-04-15,2344.235,2417.92,2324.255,2392.07,93664
2024-04-22,2392.07,2392.07,2291.465,2338.05,100605
2024-04-29,2338.05,2346.83,2277.345,2301.81,69485
2024-05-06,2301.81,2378.56,2291.85,2360.515,86710
2024-05-13,2360.515,2422.79,2332.11,2414.715,90679
2024-05-20,2414.715,2450.125,2325.465,2334.0,124659
2024-05-27,2334.0,2364.175,2320.595,2327.2,43580
2024-06-03,2327.2,2387.785,2286.83,2294.015,100954
2024-06-10,2294.015,2341.7,2287.805,2332.645,53894
2024-06-17,2332.645,2368.765,2306.65,2321.875,62114
2024-06-24,2321.03,2339.785,2293.69,2326.72,46094
2024-07-01,2323.32,2392.965,2318.605,2391.62,74360
2024-07-08,2389.41,2424.6,2349.485,2410.92,75114
2024-07-15,2411.81,2483.74,2393.88,2400.82,89859
2024-07-22,2403.82,2432.065,2353.195,2387.02,78869
2024-07-29,2388.395,2477.725,2369.65,2442.495,108074
2024-08-05,2441.94,2458.875,2364.39,2431.265,94485
2024-08-12,2428.135,2509.82,2423.89,2508.14,85930
2024-08-19,2506.525,2531.765,2470.85,2512.49,60914
2024-08-26,2512.035,2529.135,2493.665,2503.4,35470
2024-09-02,2502.84,2529.3,2471.915,2497.565,57385
2024-09-09,2496.79,2586.16,2485.61,2578.715,100549
2024-09-16,2578.79,2625.79,2546.86,2622.235,78929
2024-09-23,2621.365,2685.64,2613.89,2658.55,71750
2024-09-30,2661.815,2673.26,2624.78,2653.84,48480
2024-10-07,2651.39,2661.475,2604.39,2657.18,57085
2024-10-14,2648.805,2722.65,2638.105,2721.9,84545
2024-10-21,2723.09,2758.525,2708.755,2747.215,49769
2024-10-28,2734.065,2790.17,2724.755,2736.45,65414
2024-11-04,2732.04,2750.09,2643.355,2684.455,106735
2024-11-11,2683.71,2686.165,2536.855,2563.22,149309
2024-11-18,2567.13,2716.4,2567.13,2716.335,149269
2024-11-25,2711.165,2721.42,2605.31,2650.35,116110
2024-12-02,2648.94,2657.235,2613.11,2633.33,44125
2024-12-09,2643.08,2726.295,2627.575,2648.68,98720
2024-12-16,2648.86,2664.475,2583.915,2623.61,80559
2024-12-23,2622.21,2639.175,2608.26,2622.035,30914
2024-12-30,2622.075,2665.405,2596.185,2639.725,69220
2025-01-06,2639.88,2697.95,2614.635,2689.375,83314
2025-01-13,2689.32,2724.785,2656.835,2703.15,67949
2025-01-20,2703.135,2786.06,2689.375,2770.885,96684
2025-01-27,2765.17,2817.215,2730.56,2797.94,86655
2025-02-03,2801.655,2886.855,2772.215,2861.25,114639
2025-02-10,2861.84,2942.78,2860.405,2882.482,82375
2025-02-17,2893.375,2954.955,2878.785,2936.26,76170
2025-02-24,2939.785,2956.31,2832.72,2858.14,123590
2025-03-03,2873.14,2930.54,2859.0,2909.55,71539
2025-03-10,2912.41,3005.04,2880.25,2984.91,124789
2025-03-17,2988.225,3057.59,2982.34,3023.985,75250
2025-03-24,3023.165,3086.965,3002.495,3085.345,84470
2025-03-31,3093.01,3167.835,3015.65,3037.885,152184
2025-04-07,3030.77,3245.485,2956.565,3237.93,288920
2025-04-14,3222.955,3357.775,3193.63,3327.375,164144
2025-04-21,3332.26,3500.2,3260.19,3319.345,240009
2025-04-28,3326.365,3353.2,3201.955,3240.95,151244
2025-05-05,3238.295,3435.055,3237.79,3325.39,197264
2025-05-12,3325.39,3325.39,3120.765,3204.45,204625
2025-05-19,3215.99,3366.015,3204.67,3358.125,161344
2025-05-26,3351.4,3356.995,3245.56,3289.7,111434
2025-06-02,3303.415,3403.625,3299.955,3309.98,103670
2025-06-09,3317.785,3446.88,3293.5,3432.835,153380
2025-06-16,3440.48,3451.525,3340.415,3368.75,111110
2025-06-23,3383.825,3393.64,3255.85,3274.175,137789
2025-06-30,3271.64,3365.92,3244.415,3336.615,121505
2025-07-07,3341.57,3368.86,3282.665,3355.665,86195
2025-07-14,3362.375,3377.655,3309.79,3350.095,67865
2025-07-21,3348.84,3439.035,3325.115,3337.07,113920
2025-07-28,3329.475,3363.6,3268.12,3362.895,95480
2025-08-04,3364.795,3409.43,3345.005,3397.765,64424
2025-08-11,3399.75,3401.395,3329.85,3335.7,71545
2025-08-18,3335.23,3378.835,3311.56,3371.23,67275
2025-08-25,3368.725,3453.97,3351.33,3447.435,102639
2025-09-01,3445.43,3600.205,3437.025,3586.545,163179
2025-09-08,3591.61,3674.695,3579.72,3643.085,94975
2025-09-15,3644.565,3707.555,3626.46,3684.975,81094
2025-09-22,3687.77,3791.255,3683.545,3759.855,107710
2025-09-29,3764.745,3897.13,3763.45,3886.455,133680
2025-10-06,3891.335,4059.35,3884.115,4016.68,175235
2025-10-13,4017.625,4380.99,3998.15,4253.975,382839
2025-10-20,4267.075,4381.44,4004.28,4114.125,377159
2025-10-27,4085.7,4109.0,3886.465,4002.81,222534
2025-11-03,3995.47,4030.825,3928.685,4001.275,102139
2025-11-10,4005.675,4245.195,4004.355,4085.825,240839
2025-11-17,4078.275,4132.985,3997.985,4065.01,134999
2025-11-24,4067.61,4226.915,4040.02,4215.82,186894
2025-12-01,4226.31,4264.7,4163.805,4198.685,100894
2025-12-08,4198.685,4353.555,4169.985,4299.38,183570
2025-12-15,4302.985,4374.655,4271.575,4338.765,103079
2025-12-22,4340.905,4550.15,4339.9,4533.21,210250
2025-12-29,4542.66,4548.35,4274.025,4332.065,274325
2026-01-05,4356.505,4517.25,4349.355,4509.66,167895
2026-01-12,4521.495,4642.97,4521.19,4596.32,121780
2026-01-19,4649.78,4990.12,4646.135,4987.545,343984
2026-01-26,5015.63,5602.225,4679.51,4895.44,922715
2026-02-02,4833.89,5091.93,4402.38,4964.62,689550
2026-02-09,4989.93,5119.345,4878.5,5042.74,240845
2026-02-16,5017.145,5108.72,4842.6,5108.255,266119
2026-02-23,5118.71,5281.155,5093.225,5278.51,187929
2026-03-02,5368.53,5419.66,4996.275,5171.5,423385
2026-03-09,5171.95,5238.775,5009.745,5020.6,229029
2026-03-16,5014.955,5044.9,4477.54,4497.48,567359
2026-03-23,4472.24,4602.645,4099.125,4493.685,503520
2026-03-30,4512.54,4800.8,4417.43,4676.745,383369
2026-04-06,4638.25,4858.215,4600.85,4749.685,257364
2026-04-13,4670.425,4891.54,4644.465,4831.61,247074
2026-04-20,4774.815,4833.405,4658.03,4709.75,175375
2026-04-27,4696.875,4729.965,4510.095,4613.835,219869
2026-05-04,4625.35,4764.905,4501.035,4715.715,263869
2026-05-11,4687.43,4773.575,4510.985,4540.645,262590
2026-05-18,4545.805,4589.58,4453.39,4509.69,136189
2026-05-25,4550.54,4595.33,4366.23,4540.53,229100
2026-06-01,4520.795,4546.27,4311.93,4327.885,234340
2026-06-08,4321.55,4363.72,4023.87,4218.56,339850
2026-06-15,4301.665,4382.615,4121.955,4155.405,260659
2026-06-22,4157.1,4221.37,3959.08,4088.385,262289
2026-06-29,4075.86,4195.51,3942.1,4175.695,253410
2026-07-06,4180.345,4202.705,4021.815,4120.67,180889
2026-07-13,4090.98,4104.05,3959.8,4017.315,144250
2026-07-20,3995.57,4166.13,3982.63,4052.845,183500
2026-07-27,4090.16,4120.495,3996.055,4045.165,124440
2026-08-03,4075.055,4371.84,4019.24,4341.935,352600
2026-08-10,4340.28,4449.83,4311.04,4376.82,138789
2026-08-17,4372.68,4632.145,4324.68,4602.99,307465
