datetime,Open,High,Low,Close,Volume
2023-08-29 00:00:00+00:00,1920.125,1938.195,1914.485,1937.425,0
2023-08-30 00:00:00+00:00,1937.33,1949.1,1935.0,1942.575,0
2023-08-31 00:00:00+00:00,1942.75,1947.965,1939.08,1940.11,0
2023-09-01 00:00:00+00:00,1940.21,1953.055,1934.47,1940.25,0
2023-09-04 00:00:00+00:00,1940.505,1946.33,1936.86,1938.555,0
2023-09-05 00:00:00+00:00,1938.63,1939.02,1925.38,1926.065,0
2023-09-06 00:00:00+00:00,1926.275,1929.22,1915.355,1916.45,0
2023-09-07 00:00:00+00:00,1917.39,1923.635,1916.265,1919.67,0
2023-09-08 00:00:00+00:00,1919.665,1929.755,1917.38,1919.17,0
2023-09-11 00:00:00+00:00,1920.72,1930.755,1916.675,1922.395,0
2023-09-12 00:00:00+00:00,1922.905,1924.585,1907.585,1913.495,0
2023-09-13 00:00:00+00:00,1913.39,1915.8,1905.69,1908.24,0
2023-09-14 00:00:00+00:00,1908.725,1912.975,1901.035,1910.605,0
2023-09-15 00:00:00+00:00,1911.05,1930.455,1909.87,1923.81,0
2023-09-18 00:00:00+00:00,1923.695,1934.265,1922.59,1933.745,0
2023-09-19 00:00:00+00:00,1933.745,1937.45,1929.79,1931.45,0
2023-09-20 00:00:00+00:00,1932.05,1948.315,1927.97,1930.41,0
2023-09-21 00:00:00+00:00,1930.63,1931.675,1913.925,1920.095,0
2023-09-22 00:00:00+00:00,1919.92,1929.16,1919.425,1925.495,0
2023-09-25 00:00:00+00:00,1925.31,1927.22,1915.205,1916.02,0
2023-09-26 00:00:00+00:00,1916.3,1916.855,1899.16,1900.65,0
2023-09-27 00:00:00+00:00,1900.695,1903.985,1872.62,1875.09,0
2023-09-28 00:00:00+00:00,1876.075,1879.65,1857.705,1864.865,0
2023-09-29 00:00:00+00:00,1865.165,1879.92,1846.375,1848.705,0
2023-10-02 00:00:00+00:00,1847.115,1849.965,1827.185,1828.015,0
2023-10-03 00:00:00+00:00,1829.12,1833.48,1815.29,1823.045,0
2023-10-04 00:00:00+00:00,1823.61,1831.09,1816.62,1821.235,0
2023-10-05 00:00:00+00:00,1821.48,1829.24,1813.055,1820.23,0
2023-10-06 00:00:00+00:00,1820.66,1834.92,1810.49,1832.595,0
2023-10-09 00:00:00+00:00,1849.715,1863.93,1844.275,1861.615,0
2023-10-10 00:00:00+00:00,1861.425,1865.415,1853.04,1860.495,0
2023-10-11 00:00:00+00:00,1860.155,1877.245,1858.655,1874.32,0
2023-10-12 00:00:00+00:00,1874.265,1885.23,1867.95,1869.105,0
2023-10-13 00:00:00+00:00,1869.105,1934.385,1869.09,1932.835,0
2023-10-16 00:00:00+00:00,1923.76,1931.405,1908.24,1920.195,0
2023-10-17 00:00:00+00:00,1920.125,1931.615,1912.425,1923.165,0
2023-10-18 00:00:00+00:00,1924.075,1962.715,1923.345,1947.735,0
2023-10-19 00:00:00+00:00,1947.785,1977.775,1945.29,1974.49,0
2023-10-20 00:00:00+00:00,1973.645,1997.29,1972.085,1981.62,0
2023-10-23 00:00:00+00:00,1969.315,1982.85,1964.425,1972.81,0
2023-10-24 00:00:00+00:00,1973.555,1980.935,1953.555,1971.275,0
2023-10-25 00:00:00+00:00,1971.015,1987.35,1962.95,1979.615,0
2023-10-26 00:00:00+00:00,1980.435,1993.48,1971.71,1984.95,0
2023-10-27 00:00:00+00:00,1984.77,2010.355,1976.855,2006.79,0
2023-10-30 00:00:00+00:00,2004.915,2007.795,1991.0,1996.29,0
2023-10-31 00:00:00+00:00,1996.08,2007.975,1978.89,1984.015,0
2023-11-01 00:00:00+00:00,1983.73,1992.245,1969.93,1982.59,0
2023-11-02 00:00:00+00:00,1983.475,1991.1,1978.89,1985.86,0
2023-11-03 00:00:00+00:00,1986.12,2004.15,1983.275,1992.615,0
2023-11-06 00:00:00+00:00,1993.0,1993.54,1977.505,1977.97,0
2023-11-07 00:00:00+00:00,1978.135,1978.55,1956.75,1969.05,0
2023-11-08 00:00:00+00:00,1969.175,1971.1,1947.485,1950.26,0
2023-11-09 00:00:00+00:00,1950.255,1965.705,1944.425,1958.58,0
2023-11-10 00:00:00+00:00,1958.345,1966.63,1933.105,1938.28,0
2023-11-13 00:00:00+00:00,1938.765,1949.26,1931.64,1946.16,0
2023-11-14 00:00:00+00:00,1946.32,1970.99,1935.75,1963.17,0
2023-11-15 00:00:00+00:00,1963.09,1975.46,1955.48,1959.335,0
2023-11-16 00:00:00+00:00,1960.225,1988.005,1956.505,1981.33,0
2023-11-17 00:00:00+00:00,1980.49,1993.6,1976.34,1980.895,0
2023-11-20 00:00:00+00:00,1977.95,1985.265,1965.45,1977.79,0
2023-11-21 00:00:00+00:00,1978.165,2007.62,1977.845,1998.435,0
2023-11-22 00:00:00+00:00,1998.67,2006.525,1986.95,1989.95,0
2023-11-23 00:00:00+00:00,1991.56,1998.62,1989.375,1992.825,0
2023-11-24 00:00:00+00:00,1993.04,2004.425,1991.54,2003.635,0
2023-11-27 00:00:00+00:00,2001.2,2018.255,2000.51,2014.335,0
2023-11-28 00:00:00+00:00,2010.65,2043.065,2008.75,2041.15,0
2023-11-29 00:00:00+00:00,2041.205,2052.14,2035.37,2044.25,0
2023-11-30 00:00:00+00:00,2044.265,2047.22,2031.2,2036.22,0
2023-12-01 00:00:00+00:00,2039.3,2075.435,2033.965,2072.1400000000003,0
2023-12-04 00:00:00+00:00,2072.685,2134.065,2020.005,2029.105,0
2023-12-05 00:00:00+00:00,2030.125,2041.31,2009.89,2019.435,0
2023-12-06 00:00:00+00:00,2019.87,2035.93,2017.31,2025.54,0
2023-12-07 00:00:00+00:00,2025.835,2039.98,2020.215,2028.575,0
2023-12-08 00:00:00+00:00,2028.67,2034.03,1994.71,2004.575,0
2023-12-11 00:00:00+00:00,2005.175,2007.88,1975.895,1981.855,0
2023-12-12 00:00:00+00:00,1982.035,1996.935,1977.265,1979.47,0
2023-12-13 00:00:00+00:00,1980.74,2027.915,1973.11,2027.46,0
2023-12-14 00:00:00+00:00,2024.94,2047.965,2024.16,2036.375,0
2023-12-15 00:00:00+00:00,2036.36,2044.955,2015.635,2019.825,0
2023-12-18 00:00:00+00:00,2020.545,2033.76,2015.995,2027.275,0
2023-12-19 00:00:00+00:00,2027.67,2047.055,2021.77,2040.325,0
2023-12-20 00:00:00+00:00,2040.055,2043.52,2027.525,2031.47,0
2023-12-21 00:00:00+00:00,2031.99,2046.11,2031.635,2045.79,0
2023-12-22 00:00:00+00:00,2048.99,2070.745,2046.78,2052.995,0
2023-12-26 00:00:00+00:00,2053.8450000000003,2069.1,2052.905,2067.83,0
2023-12-27 00:00:00+00:00,2068.545,2084.545,2061.475,2077.66,0
2023-12-28 00:00:00+00:00,2078.15,2088.52,2064.71,2065.42,0
2023-12-29 00:00:00+00:00,2066.5600000000004,2074.8450000000003,2058.265,2062.865,0
2024-01-02 00:00:00+00:00,2064.155,2078.975,2055.97,2059.08,0
2024-01-03 00:00:00+00:00,2059.14,2066.0,2030.675,2041.455,0
2024-01-04 00:00:00+00:00,2041.78,2050.99,2036.335,2043.47,0
2024-01-05 00:00:00+00:00,2043.615,2064.035,2024.55,2045.655,0
2024-01-08 00:00:00+00:00,2044.92,2046.635,2016.76,2028.145,0
2024-01-09 00:00:00+00:00,2028.225,2042.015,2026.185,2030.375,0
2024-01-10 00:00:00+00:00,2030.685,2040.295,2020.52,2024.445,0
2024-01-11 00:00:00+00:00,2024.28,2042.675,2013.415,2028.73,0
2024-01-12 00:00:00+00:00,2029.315,2062.365,2028.82,2049.21,0
2024-01-15 00:00:00+00:00,2047.43,2058.65,2045.865,2054.7650000000003,0
2024-01-16 00:00:00+00:00,2055.195,2055.705,2024.3,2028.29,0
2024-01-17 00:00:00+00:00,2028.025,2032.995,2001.865,2006.32,0
2024-01-18 00:00:00+00:00,2006.665,2023.36,2005.83,2023.075,0
2024-01-19 00:00:00+00:00,2024.095,2039.44,2020.495,2029.73,0
2024-01-22 00:00:00+00:00,2029.11,2032.16,2016.57,2021.795,0
2024-01-23 00:00:00+00:00,2021.625,2037.95,2019.685,2029.31,0
2024-01-24 00:00:00+00:00,2028.97,2036.755,2011.27,2013.735,0
2024-01-25 00:00:00+00:00,2014.915,2025.43,2009.29,2020.88,0
2024-01-26 00:00:00+00:00,2020.185,2027.015,2015.985,2018.55,0
2024-01-29 00:00:00+00:00,2026.13,2037.625,2019.37,2032.81,0
2024-01-30 00:00:00+00:00,2032.915,2048.64,2029.165,2036.915,0
2024-01-31 00:00:00+00:00,2037.08,2056.06,2030.91,2039.3,0
2024-02-01 00:00:00+00:00,2040.415,2065.53,2030.035,2054.935,0
2024-02-02 00:00:00+00:00,2055.16,2057.6800000000003,2027.86,2039.585,0
2024-02-05 00:00:00+00:00,2039.94,2042.28,2014.925,2025.095,0
2024-02-06 00:00:00+00:00,2025.13,2038.945,2022.935,2035.97,0
2024-02-07 00:00:00+00:00,2035.855,2044.665,2030.63,2035.155,0
2024-02-08 00:00:00+00:00,2035.35,2038.755,2020.25,2034.46,0
2024-02-09 00:00:00+00:00,2034.955,2037.355,2020.28,2024.59,0
2024-02-12 00:00:00+00:00,2025.39,2027.66,2011.96,2020.055,0
2024-02-13 00:00:00+00:00,2020.05,2033.24,1990.16,1993.06,0
2024-02-14 00:00:00+00:00,1993.445,1996.15,1984.26,1992.225,0
2024-02-15 00:00:00+00:00,1993.15,2008.375,1990.33,2004.355,0
2024-02-16 00:00:00+00:00,2004.535,2015.22,1995.145,2013.345,0
2024-02-19 00:00:00+00:00,2014.775,2023.1,2009.48,2017.965,0
2024-02-20 00:00:00+00:00,2017.705,2030.97,2015.085,2024.33,0
2024-02-21 00:00:00+00:00,2024.34,2032.39,2020.1,2026.0,0
2024-02-22 00:00:00+00:00,2025.695,2035.015,2019.695,2024.435,0
2024-02-23 00:00:00+00:00,2024.385,2041.395,2016.115,2035.59,0
2024-02-26 00:00:00+00:00,2033.37,2037.08,2025.125,2031.26,0
2024-02-27 00:00:00+00:00,2031.42,2039.535,2028.875,2030.505,0
2024-02-28 00:00:00+00:00,2030.395,2038.03,2024.645,2034.52,0
2024-02-29 00:00:00+00:00,2035.26,2050.795,2028.135,2044.255,0
2024-03-01 00:00:00+00:00,2044.13,2088.38,2039.125,2082.9750000000004,0
2024-03-04 00:00:00+00:00,2082.9,2119.995,2079.505,2114.43,0
2024-03-05 00:00:00+00:00,2114.34,2142.005,2110.5550000000003,2127.95,0
2024-03-06 00:00:00+00:00,2127.625,2152.275,2123.7650000000003,2148.135,0
2024-03-07 00:00:00+00:00,2148.34,2164.865,2144.23,2159.99,0
2024-03-08 00:00:00+00:00,2159.04,2195.21,2154.0550000000003,2179.175,0
2024-03-11 00:00:00+00:00,2180.925,2189.075,2174.865,2182.765,0
2024-03-12 00:00:00+00:00,2182.0550000000003,2184.835,2150.665,2158.3,0
2024-03-13 00:00:00+00:00,2158.5,2179.91,2155.87,2174.385,0
2024-03-14 00:00:00+00:00,2174.9,2177.05,2152.825,2162.205,0
2024-03-15 00:00:00+00:00,2162.165,2172.795,2155.255,2155.91,0
2024-03-18 00:00:00+00:00,2152.815,2163.665,2146.12,2160.39,0
2024-03-19 00:00:00+00:00,2160.3,2162.95,2147.215,2157.59,0
2024-03-20 00:00:00+00:00,2157.695,2188.885,2149.655,2186.275,0
2024-03-21 00:00:00+00:00,2186.98,2222.9700000000003,2166.405,2181.285,0
2024-03-22 00:00:00+00:00,2181.215,2186.13,2157.1,2165.215,0
2024-03-25 00:00:00+00:00,2165.495,2181.41,2163.635,2171.9,0
2024-03-26 00:00:00+00:00,2171.925,2200.145,2167.665,2178.6,0
2024-03-27 00:00:00+00:00,2178.15,2197.715,2173.425,2194.915,0
2024-03-28 00:00:00+00:00,2191.425,2236.895,2187.445,2232.99,0
2024-04-01 00:00:00+00:00,2240.6850000000004,2265.73,2228.55,2251.405,0
2024-04-02 00:00:00+00:00,2251.065,2281.14,2246.775,2280.59,0
2024-04-03 00:00:00+00:00,2281.28,2301.315,2265.51,2299.8050000000003,0
2024-04-04 00:00:00+00:00,2299.33,2305.825,2279.75,2291.04,0
2024-04-05 00:00:00+00:00,2291.125,2330.535,2267.8050000000003,2329.76,0
2024-04-08 00:00:00+00:00,2322.885,2354.185,2302.8450000000003,2339.015,0
2024-04-09 00:00:00+00:00,2337.97,2365.39,2336.895,2352.385,0
2024-04-10 00:00:00+00:00,2352.94,2360.21,2319.32,2333.615,0
2024-04-11 00:00:00+00:00,2333.935,2377.74,2325.775,2372.44,0
2024-04-12 00:00:00+00:00,2371.33,2431.59,2333.885,2344.26,0
2024-04-15 00:00:00+00:00,2363.13,2387.675,2324.23,2383.255,0
2024-04-16 00:00:00+00:00,2380.98,2398.365,2363.08,2382.755,0
2024-04-17 00:00:00+00:00,2383.48,2395.615,2354.74,2361.255,0
2024-04-18 00:00:00+00:00,2363.205,2392.9,2363.0600000000004,2378.96,0
2024-04-19 00:00:00+00:00,2378.745,2417.945,2372.73,2391.96,0
2024-04-22 00:00:00+00:00,2386.99,2388.745,2324.465,2327.255,0
2024-04-23 00:00:00+00:00,2326.62012,2334.48242,2291.39502,2321.81445,0
2024-04-24 00:00:00+00:00,2322.18994,2337.15503,2311.89502,2315.82202,0
2024-04-25 00:00:00+00:00,2316.19995,2344.86304,2305.28418,2331.78198,0
2024-04-26 00:00:00+00:00,2332.15991,2352.62012,2326.30078,2337.71509,0
2024-04-29 00:00:00+00:00,2337.5,2346.85498,2320.08496,2334.43579,0
2024-04-30 00:00:00+00:00,2335.10498,2336.54492,2284.57495,2284.57495,0
2024-05-01 00:00:00+00:00,2285.90991,2328.39502,2281.66016,2317.88257,0
2024-05-02 00:00:00+00:00,2319.88501,2326.57056,2285.58008,2303.2876,0
2024-05-03 00:00:00+00:00,2303.19507,2321.63989,2277.46509,2301.55688,0
2024-05-06 00:00:00+00:00,2293.97998,2331.97998,2291.90991,2326.1499,0
2024-05-07 00:00:00+00:00,2326.31006,2329.97998,2310.1001,2315.19995,0
2024-05-08 00:00:00+00:00,2315.3999,2321.42993,2303.73999,2309.05005,0
2024-05-09 00:00:00+00:00,2309.04004,2347.59497,2306.66504,2345.88452,0
2024-05-10 00:00:00+00:00,2346.26001,2378.44824,2345.25488,2360.14355,0
2024-05-13 00:00:00+00:00,2360.37988,2364.56006,2332.37988,2338.44995,0
2024-05-14 00:00:00+00:00,2338.38989,2359.65991,2334.93994,2355.87988,0
2024-05-15 00:00:00+00:00,2358.19507,2390.36011,2351.82007,2386.04248,0
2024-05-16 00:00:00+00:00,2391.92993,2397.3999,2371.1001,2377.8999,0
2024-05-17 00:00:00+00:00,2377.6001,2422.77002,2374.1001,2414.69995,0
2024-05-20 00:00:00+00:00,2417.78003,2450.06006,2407.56006,2426.36011,0
2024-05-21 00:00:00+00:00,2427.40991,2433.88989,2406.32007,2420.87988,0
2024-05-22 00:00:00+00:00,2420.96997,2426.55005,2375.07007,2378.75,0
2024-05-23 00:00:00+00:00,2378.97998,2383.77002,2327.27002,2328.62012,0
2024-05-24 00:00:00+00:00,2328.86011,2347.31006,2325.47998,2334.02002,0
2024-05-27 00:00:00+00:00,2340.27002,2358.46997,2334.57007,2350.97998,0
2024-05-28 00:00:00+00:00,2352.07007,2364.09009,2340.43994,2361.28003,0
2024-05-29 00:00:00+00:00,2362.3999,2362.59009,2334.71997,2338.26001,0
2024-05-30 00:00:00+00:00,2338.15991,2351.81006,2322.72998,2343.1001,0
2024-05-31 00:00:00+00:00,2344.26001,2359.71997,2320.6499,2327.38989,0
2024-06-03 00:00:00+00:00,2326.42993,2354.72998,2314.80005,2350.72998,0
2024-06-04 00:00:00+00:00,2351.92993,2352.80005,2315.72998,2327.01001,0
2024-06-05 00:00:00+00:00,2327.69995,2357.3999,2325.97998,2355.30005,0
2024-06-06 00:00:00+00:00,2357.05005,2378.47998,2353.6499,2375.8999,0
2024-06-07 00:00:00+00:00,2376.70996,2387.77002,2286.87988,2294.01001,0
2024-06-10 00:00:00+00:00,2297.34009,2313.82007,2287.86011,2310.97998,0
2024-06-11 00:00:00+00:00,2312.02002,2319.96997,2297.82007,2316.86011,0
2024-06-12 00:00:00+00:00,2316.62012,2341.67993,2310.82007,2324.97998,0
2024-06-13 00:00:00+00:00,2324.46997,2326.76001,2295.71997,2303.93994,0
2024-06-14 00:00:00+00:00,2303.18994,2336.63989,2301.62012,2332.79004,0
2024-06-17 00:00:00+00:00,2329.01001,2329.69995,2310.06006,2319.11011,0
2024-06-18 00:00:00+00:00,2320.06006,2333.1499,2306.65991,2329.47998,0
2024-06-19 00:00:00+00:00,2329.82007,2335.03003,2323.93994,2328.26001,0
2024-06-20 00:00:00+00:00,2330.22998,2365.53003,2327.81006,2360.15991,0
2024-06-21 00:00:00+00:00,2360.53003,2368.77002,2316.82007,2321.51001,0
2024-06-24 00:00:00+00:00,2321.43994,2334.68994,2317.78003,2334.38989,0
2024-06-25 00:00:00+00:00,2334.01001,2337.1499,2315.6001,2319.57007,0
2024-06-26 00:00:00+00:00,2319.38989,2324.02002,2293.80005,2298.26001,0
2024-06-27 00:00:00+00:00,2298.63989,2330.93994,2296.6001,2327.62012,0
2024-06-28 00:00:00+00:00,2327.6001,2339.71997,2319.18994,2326.68994,0
2024-07-01 00:00:00+00:00,2324.6499,2338.56006,2318.67993,2331.72998,0
2024-07-02 00:00:00+00:00,2332.22998,2336.78003,2319.42993,2329.46997,0
2024-07-03 00:00:00+00:00,2330.16992,2364.93994,2327.06006,2356.13989,0
2024-07-04 00:00:00+00:00,2357.03003,2362.55005,2350.81006,2357.44995,0
2024-07-05 00:00:00+00:00,2356.80005,2392.96997,2349.80005,2391.62012,0
2024-07-08 00:00:00+00:00,2389.57007,2391.19995,2351.23999,2359.20996,0
2024-07-09 00:00:00+00:00,2359.13989,2370.93994,2349.62012,2363.82007,0
2024-07-10 00:00:00+00:00,2364.42993,2386.68994,2363.32007,2371.37988,0
2024-07-11 00:00:00+00:00,2372.12012,2424.6001,2371.27002,2415.3501,0
2024-07-12 00:00:00+00:00,2414.8501,2418.31006,2391.53003,2411.11011,0
2024-07-15 00:00:00+00:00,2411.66992,2439.53003,2401.36011,2422.28003,0
2024-07-16 00:00:00+00:00,2421.97998,2469.6001,2420.07007,2468.67993,0
2024-07-17 00:00:00+00:00,2468.59009,2483.73999,2451.6499,2458.65991,0
2024-07-18 00:00:00+00:00,2458.90991,2474.93994,2440.47998,2445.09009,0
2024-07-19 00:00:00+00:00,2445.46997,2445.61011,2393.98999,2400.78003,0
2024-07-22 00:00:00+00:00,2403.84009,2412.15991,2384.02002,2396.57007,0
2024-07-23 00:00:00+00:00,2397.06006,2412.09009,2388.37988,2409.67993,0
2024-07-24 00:00:00+00:00,2408.8501,2431.98999,2396.86011,2397.29004,0
2024-07-25 00:00:00+00:00,2398.12012,2401.31006,2353.22998,2364.71997,0
2024-07-26 00:00:00+00:00,2364.33008,2390.80005,2355.87988,2387.07007,0
2024-07-29 00:00:00+00:00,2388.01001,2403.25,2369.81006,2383.57007,0
2024-07-30 00:00:00+00:00,2382.8501,2412.82007,2376.55005,2411.05005,0
2024-07-31 00:00:00+00:00,2409.73999,2450.96997,2403.94995,2447.51001,0
2024-08-01 00:00:00+00:00,2448.92993,2462.27002,2430.36011,2446.3999,0
2024-08-02 00:00:00+00:00,2446.51001,2477.72998,2411.19995,2442.67993,0
2024-08-05 00:00:00+00:00,2441.28003,2458.53003,2364.42993,2410.11011,0
2024-08-06 00:00:00+00:00,2410.76001,2418.3501,2381.84009,2389.8999,0
2024-08-07 00:00:00+00:00,2390.09009,2406.97998,2379.07007,2383.1001,0
2024-08-08 00:00:00+00:00,2382.36011,2427.6499,2381.07007,2427.27002,0
2024-08-09 00:00:00+00:00,2426.84009,2437.1001,2416.97998,2431.13989,0
2024-08-12 00:00:00+00:00,2428.30005,2473.19995,2423.8999,2472.13989,0
2024-08-13 00:00:00+00:00,2470.82007,2476.98999,2458.56006,2465.06006,0
2024-08-14 00:00:00+00:00,2466.90991,2479.81006,2438.26001,2448.02002,0
2024-08-15 00:00:00+00:00,2448.08008,2470.09009,2432.28003,2456.48999,0
2024-08-16 00:00:00+00:00,2456.19995,2509.72998,2450.82007,2507.69995,0
2024-08-19 00:00:00+00:00,2506.40991,2507.46997,2485.82007,2504.31006,0
2024-08-20 00:00:00+00:00,2503.42993,2531.71997,2497.38989,2514.02002,0
2024-08-21 00:00:00+00:00,2513.46997,2520.02002,2494.46997,2512.40991,0
2024-08-22 00:00:00+00:00,2511.96997,2514.68994,2470.90991,2484.80005,0
2024-08-23 00:00:00+00:00,2485.12012,2518.36011,2484.48999,2512.40991,0
2024-08-26 00:00:00+00:00,2512.12012,2526.8501,2508.78003,2518.04004,0
2024-08-27 00:00:00+00:00,2518.07007,2525.97998,2503.63989,2524.58008,0
2024-08-28 00:00:00+00:00,2525.27002,2529.01001,2493.71997,2504.72998,0
2024-08-29 00:00:00+00:00,2504.94995,2528.6499,2503.68994,2521.16992,0
2024-08-30 00:00:00+00:00,2521.03003,2526.80005,2494.34009,2503.44995,0
2024-09-02 00:00:00+00:00,2502.65991,2507.3501,2490.12012,2499.46997,0
2024-09-03 00:00:00+00:00,2499.37988,2506.28003,2473.68994,2492.97998,0
2024-09-04 00:00:00+00:00,2492.71997,2500.19995,2472.02002,2495.6499,0
2024-09-05 00:00:00+00:00,2495.45996,2523.22998,2493.90991,2516.76001,0
2024-09-06 00:00:00+00:00,2516.82007,2529.18994,2485.26001,2497.44995,0
2024-09-09 00:00:00+00:00,2497.05005,2507.21997,2485.71997,2506.31006,0
2024-09-10 00:00:00+00:00,2506.31006,2518.42993,2500.22998,2516.6499,0
2024-09-11 00:00:00+00:00,2516.42993,2528.86011,2501.09009,2511.51001,0
2024-09-12 00:00:00+00:00,2512.32007,2560.1001,2511.11011,2558.75,0
2024-09-13 00:00:00+00:00,2558.31006,2586.1001,2556.76001,2579.01001,0
2024-09-16 00:00:00+00:00,2578.28003,2589.68994,2575.31006,2582.51001,0
2024-09-17 00:00:00+00:00,2582.58008,2586.98999,2560.8999,2569.58008,0
2024-09-18 00:00:00+00:00,2569.48999,2600.15991,2547.15991,2559.37988,0
2024-09-19 00:00:00+00:00,2557.37988,2594.8999,2551.38989,2586.78003,0
2024-09-20 00:00:00+00:00,2586.26001,2625.82007,2584.88989,2622.27002,0
2024-09-23 00:00:00+00:00,2620.96997,2634.8501,2613.97998,2628.54004,0
2024-09-24 00:00:00+00:00,2627.17993,2664.37988,2622.81006,2657.13989,0
2024-09-25 00:00:00+00:00,2658.67993,2670.52002,2649.86011,2657.15991,0
2024-09-26 00:00:00+00:00,2657.56006,2685.61011,2655.13989,2672.43994,0
2024-09-27 00:00:00+00:00,2671.87988,2674.1499,2643.18994,2658.32007,0
2024-09-30 00:00:00+00:00,2661.73999,2666.05005,2624.77002,2634.72998,0
2024-10-01 00:00:00+00:00,2633.37988,2673.12012,2632.38989,2663.42993,0
2024-10-02 00:00:00+00:00,2661.94995,2663.32007,2641.27002,2658.80005,0
2024-10-03 00:00:00+00:00,2658.52002,2662.88989,2640.1001,2656.19995,0
2024-10-04 00:00:00+00:00,2657.07007,2670.19995,2632.1001,2653.52002,0
2024-10-07 00:00:00+00:00,2651.75,2659.6499,2637.87988,2643.31006,0
2024-10-08 00:00:00+00:00,2643.32007,2652.97998,2604.88989,2622.90991,0
2024-10-09 00:00:00+00:00,2622.98999,2624.38989,2605.22998,2609.26001,0
2024-10-10 00:00:00+00:00,2609.27002,2631.40991,2604.17993,2629.34009,0
2024-10-11 00:00:00+00:00,2629.42993,2661.47998,2628.23999,2656.17993,0
2024-10-12 00:00:00+00:00,2656.3501,2657.31006,2654.77002,2657.26001,0
2024-10-14 00:00:00+00:00,2649.93994,2666.72998,2643.31006,2652.63989,0
2024-10-15 00:00:00+00:00,2652.62012,2668.93994,2638.22998,2661.81006,0
2024-10-16 00:00:00+00:00,2661.84009,2685.27002,2658.77002,2674.97998,0
2024-10-17 00:00:00+00:00,2674.98999,2696.76001,2673.19995,2692.11011,0
2024-10-18 00:00:00+00:00,2692.13989,2721.30005,2691.02002,2719.71997,0
2024-10-19 00:00:00+00:00,2719.8501,2722.6001,2719.31006,2721.67993,0
2024-10-21 00:00:00+00:00,2723.13989,2740.6001,2714.34009,2719.93994,0
2024-10-22 00:00:00+00:00,2720.06006,2748.8999,2718.93994,2748.71997,0
2024-10-23 00:00:00+00:00,2748.65991,2758.51001,2708.88989,2716.1001,0
2024-10-24 00:00:00+00:00,2716.18994,2743.31006,2714.30005,2736.81006,0
2024-10-25 00:00:00+00:00,2736.8501,2745.1001,2717.17993,2742.56006,0
2024-10-26 00:00:00+00:00,2742.6001,2747.68994,2742.57007,2747.62988,0
2024-10-28 00:00:00+00:00,2733.68994,2745.98999,2724.80005,2742.59009,0
2024-10-29 00:00:00+00:00,2742.59009,2774.80005,2740.12012,2772.27002,0
2024-10-30 00:00:00+00:00,2772.34009,2790.01001,2771.06006,2787.56006,0
2024-10-31 00:00:00+00:00,2787.55005,2790.1001,2731.6499,2746.56006,0
2024-11-01 00:00:00+00:00,2746.57007,2762.31006,2733.31006,2734.15991,0
2024-11-02 00:00:00+00:00,2734.31006,2736.91992,2733.3999,2736.3999,0
2024-11-04 00:00:00+00:00,2733.36011,2748.22998,2732.01001,2738.38989,0
2024-11-05 00:00:00+00:00,2738.3999,2750.01001,2724.78003,2740.47998,0
2024-11-06 00:00:00+00:00,2740.44995,2749.72998,2652.6001,2667.15991,0
2024-11-07 00:00:00+00:00,2667.15991,2700.38989,2643.77002,2694.44995,0
2024-11-08 00:00:00+00:00,2694.3999,2710.43994,2680.3999,2687.18994,0
2024-11-09 00:00:00+00:00,2687.1499,2688.63989,2682.97998,2684.19995,0
2024-11-11 00:00:00+00:00,2682.55005,2686.12988,2610.76001,2619.23999,0
2024-11-12 00:00:00+00:00,2619.3501,2626.98999,2589.8999,2598.27002,0
2024-11-13 00:00:00+00:00,2598.26001,2618.68994,2577.72998,2581.05005,0
2024-11-14 00:00:00+00:00,2581.06006,2581.42993,2536.8999,2576.02002,0
2024-11-15 00:00:00+00:00,2576.06006,2576.15991,2554.62012,2563.93994,0
2024-11-16 00:00:00+00:00,2563.92993,2563.96997,2559.98999,2563.07007,0
2024-11-18 00:00:00+00:00,2568.13989,2615.09009,2568.13989,2609.87988,0
2024-11-19 00:00:00+00:00,2609.84009,2639.48999,2608.31006,2630.77002,0
2024-11-20 00:00:00+00:00,2630.81006,2655.47998,2618.96997,2650.94995,0
2024-11-21 00:00:00+00:00,2650.86011,2673.55005,2647.30005,2669.72998,0
2024-11-22 00:00:00+00:00,2669.78003,2711.47998,2668.15991,2708.22998,0
2024-11-23 00:00:00+00:00,2708.1499,2716.30005,2705.15991,2716.08008,0
2024-11-25 00:00:00+00:00,2711.84009,2721.34009,2615.72998,2625.72998,0
2024-11-26 00:00:00+00:00,2625.92993,2641.98999,2605.3501,2628.11011,0
2024-11-27 00:00:00+00:00,2628.27002,2658.21997,2627.1499,2634.78003,0
2024-11-28 00:00:00+00:00,2634.77002,2649.69995,2621.02002,2637.38989,0
2024-11-29 00:00:00+00:00,2638.67993,2666.3501,2634.43994,2650.11011,0
2024-12-02 00:00:00+00:00,2649.37988,2651.55005,2621.98999,2637.69995,0
2024-12-03 00:00:00+00:00,2637.6001,2655.62012,2634.27002,2641.03003,0
2024-12-04 00:00:00+00:00,2640.90991,2657.13989,2632.68994,2651.80005,0
2024-12-05 00:00:00+00:00,2651.72998,2655.56006,2623.68994,2629.87988,0
2024-12-06 00:00:00+00:00,2629.90991,2645.67993,2613.8501,2634.8999,0
2024-12-07 00:00:00+00:00,2635.03003,2636.46997,2631.21997,2633.19995,0
2024-12-09 00:00:00+00:00,2643.19995,2676.43994,2627.59009,2660.31006,0
2024-12-10 00:00:00+00:00,2659.96997,2695.61011,2656.82007,2691.97998,0
2024-12-11 00:00:00+00:00,2692.01001,2721.13989,2675.55005,2718.11011,0
2024-12-12 00:00:00+00:00,2718.12012,2726.30005,2675.22998,2683.07007,0
2024-12-13 00:00:00+00:00,2683.07007,2692.76001,2652.31006,2653.07007,0
2024-12-14 00:00:00+00:00,2653.03003,2653.56006,2646.23999,2648.51001,0
2024-12-16 00:00:00+00:00,2649.1499,2664.47998,2643.6499,2653.36011,0
2024-12-17 00:00:00+00:00,2653.3501,2658.76001,2633.22998,2645.40991,0
2024-12-18 00:00:00+00:00,2645.44995,2651.80005,2604.28003,2604.28003,0
2024-12-19 00:00:00+00:00,2604.63989,2626.44995,2583.55005,2596.8501,0
2024-12-20 00:00:00+00:00,2596.98999,2631.77002,2589.80005,2627.94995,0
2024-12-21 00:00:00+00:00,2627.93994,2628.13989,2619.3999,2623.29004,0
2024-12-23 00:00:00+00:00,2622.87988,2633.30005,2608.18994,2611.27002,0
2024-12-24 00:00:00+00:00,2611.37988,2621.46997,2609.22998,2617.27002,0
2024-12-26 00:00:00+00:00,2616.29004,2639.12012,2615.22998,2635.06006,0
2024-12-27 00:00:00+00:00,2634.94995,2638.36011,2611.81006,2620.72998,0
2024-12-28 00:00:00+00:00,2620.68994,2622.28003,2612.82007,2621.8999,0
2024-12-30 00:00:00+00:00,2621.61011,2628.11011,2596.19995,2607.17993,0
2024-12-31 00:00:00+00:00,2607.15991,2627.57007,2602.69995,2623.84009,0
2025-01-01 00:00:00+00:00,2623.66992,2625.03003,2622.15991,2624.56006,0
2025-01-02 00:00:00+00:00,2625.1499,2660.44995,2621.78003,2654.78003,0
2025-01-03 00:00:00+00:00,2654.93994,2665.34009,2639.17993,2639.68994,0
2025-01-04 00:00:00+00:00,2639.42993,2640.8501,2636.83008,2639.48999,0
2025-01-06 00:00:00+00:00,2639.91992,2649.46997,2614.88989,2634.47998,0
2025-01-07 00:00:00+00:00,2634.46997,2664.26001,2633.07007,2649.44995,0
2025-01-08 00:00:00+00:00,2649.43994,2669.95996,2645.3501,2658.3501,0
2025-01-09 00:00:00+00:00,2658.36011,2678.15991,2655.72998,2670.22998,0
2025-01-10 00:00:00+00:00,2670.3501,2697.8999,2664.13989,2685.93994,0
2025-01-11 00:00:00+00:00,2685.94995,2693.47998,2684.71997,2690.15991,0
2025-01-13 00:00:00+00:00,2689.93994,2693.32007,2656.90991,2658.97998,0
2025-01-14 00:00:00+00:00,2658.97998,2676.3501,2658.8501,2674.37988,0
2025-01-15 00:00:00+00:00,2674.34009,2696.06006,2669.42993,2693.93994,0
2025-01-16 00:00:00+00:00,2694.1001,2724.77002,2690.1001,2715.37988,0
2025-01-17 00:00:00+00:00,2715.40991,2717.44995,2702.88989,2703.27002,0
2025-01-18 00:00:00+00:00,2703.21997,2704.27002,2699.40991,2702.86011,0
2025-01-20 00:00:00+00:00,2703.15991,2713.98999,2689.44995,2708.31006,0
2025-01-21 00:00:00+00:00,2707.44995,2745.96997,2702.87012,2742.95996,0
2025-01-22 00:00:00+00:00,2742.80005,2763.37988,2740.15991,2755.42993,0
2025-01-23 00:00:00+00:00,2755.44995,2758.83008,2735.96997,2754.19995,0
2025-01-24 00:00:00+00:00,2754.12012,2786.05005,2751.47998,2774.68994,0
2025-01-25 00:00:00+00:00,2774.67993,2774.8501,2770.66992,2771.25,0
2025-01-27 00:00:00+00:00,2765.66992,2772.61011,2730.59009,2739.37988,0
2025-01-28 00:00:00+00:00,2739.43994,2765.02002,2734.8999,2764.87012,0
2025-01-29 00:00:00+00:00,2764.8501,2766.30005,2744.90991,2755.32007,0
2025-01-30 00:00:00+00:00,2755.20996,2798.47998,2752.75,2793.54004,0
2025-01-31 00:00:00+00:00,2793.3999,2817.12012,2789.55005,2796.33008,0
2025-02-01 00:00:00+00:00,2796.07007,2802.58008,2794.37012,2798.52002,0
2025-02-03 00:00:00+00:00,2802.30005,2830.6001,2772.37988,2818.37012,0
2025-02-04 00:00:00+00:00,2818.29004,2845.51001,2807.37012,2843.1001,0
2025-02-05 00:00:00+00:00,2843.1499,2882.3501,2839.87012,2863.66992,0
2025-02-06 00:00:00+00:00,2863.65991,2873.27002,2834.3501,2854.05005,0
2025-02-07 00:00:00+00:00,2854.0,2886.81006,2852.70996,2860.29004,0
2025-02-08 00:00:00+00:00,2860.12988,2863.88989,2859.47998,2860.87012,0
2025-02-10 00:00:00+00:00,2861.3999,2911.43994,2860.44995,2904.41992,0
2025-02-11 00:00:00+00:00,2904.44995,2942.68994,2881.8999,2900.29004,0
2025-02-12 00:00:00+00:00,2900.26001,2909.12988,2864.22998,2897.92993,0
2025-02-13 00:00:00+00:00,2897.95996,2927.47998,2895.62012,2926.96997,0
2025-02-14 00:00:00+00:00,2926.92993,2940.1001,2878.94995,2880.76001,0
2025-02-15 00:00:00+00:00,2880.67993,2886.25,2877.1499,2882.54004,0
2025-02-17 00:00:00+00:00,2893.67993,2906.41992,2878.90991,2898.3999,0
2025-02-18 00:00:00+00:00,2899.33008,2936.95996,2892.12988,2935.8501,0
2025-02-19 00:00:00+00:00,2935.8501,2947.05005,2918.8501,2931.84009,0
2025-02-20 00:00:00+00:00,2931.77002,2954.88989,2924.3999,2937.97998,0
2025-02-21 00:00:00+00:00,2938.02002,2949.87012,2916.87012,2933.52002,0
2025-02-22 00:00:00+00:00,2933.31006,2938.3501,2932.16992,2936.08008,0
2025-02-24 00:00:00+00:00,2939.67993,2956.26001,2921.5,2949.37988,0
2025-02-25 00:00:00+00:00,2949.21997,2953.69995,2888.6499,2912.18994,0
2025-02-26 00:00:00+00:00,2912.15991,2930.25,2890.8999,2913.97998,0
2025-02-27 00:00:00+00:00,2914.0,2920.8501,2868.09009,2879.27002,0
2025-02-28 00:00:00+00:00,2879.37012,2885.22998,2832.77002,2849.79004,0
2025-03-01 00:00:00+00:00,2849.51001,2859.36011,2847.77002,2857.44995,0
2025-03-03 00:00:00+00:00,2873.30005,2893.02002,2859.02002,2881.69995,0
2025-03-04 00:00:00+00:00,2881.63989,2927.84009,2878.47998,2916.21997,0
2025-03-05 00:00:00+00:00,2915.95996,2929.8501,2894.44995,2920.62988,0
2025-03-06 00:00:00+00:00,2920.62012,2926.59009,2891.43994,2914.08008,0
2025-03-07 00:00:00+00:00,2913.8501,2930.42993,2896.83008,2905.45996,0
2025-03-08 00:00:00+00:00,2905.3501,2912.82007,2904.88989,2909.43994,0
2025-03-10 00:00:00+00:00,2912.41992,2918.28003,2880.3999,2885.37012,0
2025-03-11 00:00:00+00:00,2885.18994,2922.26001,2880.43994,2918.48999,0
2025-03-12 00:00:00+00:00,2918.36011,2940.6001,2906.22998,2931.37988,0
2025-03-13 00:00:00+00:00,2931.34009,2985.43994,2930.94995,2982.97998,0
2025-03-14 00:00:00+00:00,2983.12988,3004.94995,2978.59009,2984.02002,0
2025-03-15 00:00:00+00:00,2984.01001,2988.87988,2981.93994,2985.04004,0
2025-03-17 00:00:00+00:00,2987.8501,3001.22998,2982.33008,3000.37012,0
2025-03-18 00:00:00+00:00,3000.3999,3038.33008,2999.6001,3035.52002,0
2025-03-19 00:00:00+00:00,3035.77002,3051.98999,3022.95996,3047.87988,0
2025-03-20 00:00:00+00:00,3047.82007,3057.36011,3025.76001,3044.82007,0
2025-03-21 00:00:00+00:00,3044.81006,3047.51001,2999.47998,3019.94995,0
2025-03-22 00:00:00+00:00,3020.04004,3024.1499,3020.03003,3023.8501,0
2025-03-24 00:00:00+00:00,3023.30005,3033.38989,3002.62012,3006.18994,0
2025-03-25 00:00:00+00:00,3006.19995,3036.05005,3005.73999,3019.63989,0
2025-03-26 00:00:00+00:00,3019.65991,3032.13989,3012.44995,3017.20996,0
2025-03-27 00:00:00+00:00,3017.31006,3059.58008,3017.23999,3057.58008,0
2025-03-28 00:00:00+00:00,3057.53003,3086.80005,3054.25,3080.96997,0
2025-03-29 00:00:00+00:00,3080.8501,3086.18994,3080.8501,3085.28003,0
2025-03-31 00:00:00+00:00,3093.0,3127.87988,3076.82007,3124.55005,0
2025-04-01 00:00:00+00:00,3124.3501,3149.03003,3100.90991,3118.69995,0
2025-04-02 00:00:00+00:00,3118.67993,3135.77002,3107.8999,3124.19995,0
2025-04-03 00:00:00+00:00,3124.41992,3167.70996,3054.31006,3107.63989,0
2025-04-04 00:00:00+00:00,3107.71997,3136.28003,3016.16992,3036.47998,0
2025-04-05 00:00:00+00:00,3036.31006,3041.07007,3033.8999,3038.17993,0
2025-04-07 00:00:00+00:00,3029.8999,3055.63989,2956.90991,2982.03003,0
2025-04-08 00:00:00+00:00,2982.71997,3022.67993,2975.06006,2982.15991,0
2025-04-09 00:00:00+00:00,2984.53003,3099.46997,2970.13989,3083.16992,0
2025-04-10 00:00:00+00:00,3081.51001,3176.41992,3071.62012,3175.47998,0
2025-04-11 00:00:00+00:00,3177.28003,3245.36011,3176.51001,3238.18994,0
2025-04-14 00:00:00+00:00,3222.11011,3245.76001,3213.87988,3222.05005,0
2025-04-15 00:00:00+00:00,3212.215,3233.66,3210.25,3229.4750000000004,0
2025-04-16 00:00:00+00:00,3230.63,3343.335,3229.925,3343.335,0
2025-04-17 00:00:00+00:00,3344.05,3345.29,3283.94,3326.19,0
2025-04-18 00:00:00+00:00,3326.27,3326.27,3326.27,3326.27,0
2025-04-19 00:00:00+00:00,3326.27,3326.27,3326.27,3326.27,0
2025-04-21 00:00:00+00:00,3327.93,3430.47,3327.93,3422.8,0
2025-04-22 00:00:00+00:00,3423.49,3499.87,3381.2,3394.4,0
2025-04-23 00:00:00+00:00,3392.6,3403.1,3281.5,3303.3,0
2025-04-24 00:00:00+00:00,3303.9,3388.5,3298.9,3354.9,0
2025-04-25 00:00:00+00:00,3354.8,3376.8,3270.6,3316.3,0
2025-04-26 00:00:00+00:00,3316.6,3319.6,3309.9,3314.0,0
2025-04-27 00:00:00+00:00,3315.1,3324.6,3315.1,3321.0,0
2025-04-28 00:00:00+00:00,3319.8,3352.91,3274.3,3344.1,0
2025-04-29 00:00:00+00:00,3344.0,3347.15,3304.6,3317.6,0
2025-04-30 00:00:00+00:00,3317.2,3325.7,3267.16,3292.0,0
2025-05-01 00:00:00+00:00,3292.2,3293.6,3201.9,3238.64,0
2025-05-02 00:00:00+00:00,3250.3,3269.02,3223.0,3254.9,0
2025-05-03 00:00:00+00:00,3255.4,3259.8,3244.3,3257.0,0
2025-05-04 00:00:00+00:00,3255.7,3255.9,3252.6,3252.7,0
2025-05-05 00:00:00+00:00,3252.8,3341.1,3236.68,3335.0,0
2025-05-06 00:00:00+00:00,3340.6,3440.0,3323.53,3434.7,0
2025-05-07 00:00:00+00:00,3435.0,3440.4,3360.23,3366.6,0
2025-05-08 00:00:00+00:00,3366.7,3414.52,3288.91,3309.4,0
2025-05-09 00:00:00+00:00,3309.6,3347.26,3275.0,3323.64,0
2025-05-10 00:00:00+00:00,3326.9,3332.7,3320.7,3322.0,0
2025-05-12 00:00:00+00:00,3290.0,3305.79,3207.7,3235.24,0
2025-05-13 00:00:00+00:00,3237.6,3265.33,3215.92,3248.5,0
2025-05-14 00:00:00+00:00,3247.8,3256.97,3167.95,3181.2,0
2025-05-15 00:00:00+00:00,3181.2,3245.2,3120.92,3244.5,0
2025-05-16 00:00:00+00:00,3245.0,3252.5,3154.27,3209.7,0
2025-05-17 00:00:00+00:00,3209.6,3211.5,3199.3,3207.2,0
2025-05-18 00:00:00+00:00,3209.2,3212.4,3206.7,3208.3,0
2025-05-19 00:00:00+00:00,3229.0,3249.65,3206.0,3229.15,0
2025-05-20 00:00:00+00:00,3232.0,3295.54,3204.53,3285.1,0
2025-05-21 00:00:00+00:00,3285.4,3324.65,3284.6,3315.56,0
2025-05-22 00:00:00+00:00,3314.4,3345.31,3279.27,3294.79,0
2025-05-23 00:00:00+00:00,3298.7,3366.0,3287.0,3355.9,0
2025-05-24 00:00:00+00:00,3356.8,3359.5,3350.1,3355.7,0
2025-05-25 00:00:00+00:00,3360.6,3364.5,3359.7,3359.7,0
2025-05-26 00:00:00+00:00,3354.88,3356.51,3324.0,3346.6,0
2025-05-27 00:00:00+00:00,3345.6,3353.6,3288.25,3299.7,0
2025-05-28 00:00:00+00:00,3300.0,3325.27,3277.0,3291.4,0
2025-05-29 00:00:00+00:00,3291.2,3328.34,3249.59,3317.95,0
2025-05-30 00:00:00+00:00,3317.11,3323.8,3277.61,3288.52,0
2025-05-31 00:00:00+00:00,3295.8,3301.1,3291.5,3291.8,0
2025-06-01 00:00:00+00:00,3297.1,3298.5,3295.5,3295.5,0
2025-06-02 00:00:00+00:00,3296.6,3382.66,3295.29,3381.02,0
2025-06-03 00:00:00+00:00,3381.01,3392.07,3333.38,3354.3,0
2025-06-04 00:00:00+00:00,3354.3,3384.66,3343.75,3372.34,0
2025-06-05 00:00:00+00:00,3376.5,3403.33,3339.5,3353.0,0
2025-06-06 00:00:00+00:00,3353.1,3375.45,3307.1,3310.1,0
2025-06-07 00:00:00+00:00,3318.1,3324.7,3315.2,3317.9,0
2025-06-08 00:00:00+00:00,3316.0,3321.6,3315.3,3319.1,0
2025-06-09 00:00:00+00:00,3315.0,3338.20996,3293.58,3327.6,0
2025-06-10 00:00:00+00:00,3327.2,3348.99,3302.09,3323.47,0
2025-06-11 00:00:00+00:00,3321.7,3360.6,3315.45,3352.3,0
2025-06-12 00:00:00+00:00,3352.3,3398.78,3338.68,3381.9,0
2025-06-13 00:00:00+00:00,3382.0,3446.58,3379.82,3432.19,0
2025-06-14 00:00:00+00:00,3436.2,3447.7,3430.0,3438.1,0
2025-06-15 00:00:00+00:00,3453.7,3458.1,3453.6,3457.7,0
2025-06-16 00:00:00+00:00,3446.0,3455.7,3383.0,3383.53,0
2025-06-17 00:00:00+00:00,3384.6,3403.21,3366.09,3387.3,0
2025-06-18 00:00:00+00:00,3388.7,3399.98,3362.68994,3372.1,0
2025-06-19 00:00:00+00:00,3371.9,3389.2,3347.72998,3381.2,0
2025-06-20 00:00:00+00:00,3381.3,3381.3,3340.32,3368.76,0
2025-06-21 00:00:00+00:00,3373.4,3381.9,3373.2,3380.3,0
2025-06-22 00:00:00+00:00,3409.5,3434.2,3406.3,3413.8,0
2025-06-23 00:00:00+00:00,3412.9,3419.5,3347.02,3369.1001,0
2025-06-24 00:00:00+00:00,3370.9,3383.3,3299.91992,3324.9,0
2025-06-25 00:00:00+00:00,3325.5,3337.3,3313.41992,3332.13989,0
2025-06-26 00:00:00+00:00,3331.1,3350.25,3310.0,3328.09,0
2025-06-27 00:00:00+00:00,3326.7,3329.0,3255.97998,3278.0,0
2025-06-28 00:00:00+00:00,3278.3,3284.3,3273.67,3284.3,0
2025-06-29 00:00:00+00:00,3273.8,3273.8,3271.9,3272.0,0
2025-06-30 00:00:00+00:00,3272.3,3309.21997,3248.98,3302.90991,0
2025-07-01 00:00:00+00:00,3305.4,3357.96997,3300.0,3336.4,0
2025-07-02 00:00:00+00:00,3336.1,3359.06006,3325.7,3352.0,0
2025-07-03 00:00:00+00:00,3352.0,3365.61,3311.66,3323.9,0
2025-07-04 00:00:00+00:00,3323.5,3344.98,3322.7,3336.8,0
2025-07-05 00:00:00+00:00,3335.24,3339.8,3331.3,3336.7,0
2025-07-06 00:00:00+00:00,3335.2,3339.5,3332.1,3334.6,0
2025-07-07 00:00:00+00:00,3334.01,3342.05,3296.5,3336.82,0
2025-07-08 00:00:00+00:00,3333.8,3345.7,3287.21,3301.03,0
2025-07-09 00:00:00+00:00,3299.1,3316.87012,3282.8999,3312.1,0
2025-07-10 00:00:00+00:00,3312.1,3330.21,3306.2,3323.67,0
2025-07-11 00:00:00+00:00,3318.9,3367.45996,3314.8,3349.9,0
2025-07-12 00:00:00+00:00,3349.8,3354.76,3343.6,3348.6,0
2025-07-13 00:00:00+00:00,3348.0,3350.9,3345.4,3349.4,0
2025-07-14 00:00:00+00:00,3356.92,3375.02002,3341.1499,3342.4,0
2025-07-15 00:00:00+00:00,3342.4,3366.24,3320.36011,3324.6,0
2025-07-16 00:00:00+00:00,3324.3,3377.18994,3319.92993,3344.7,0
2025-07-17 00:00:00+00:00,3344.7,3352.25,3309.98999,3337.6,0
2025-07-18 00:00:00+00:00,3303.71,3361.28003,3303.71,3347.9,0
2025-07-19 00:00:00+00:00,3347.6,3352.6,3341.9,3348.0,0
2025-07-20 00:00:00+00:00,3349.4,3352.8,3346.3,3347.3,0
2025-07-21 00:00:00+00:00,3345.0,3401.3999,3345.0,3397.33,0
2025-07-22 00:00:00+00:00,3397.33,3433.43994,3383.24,3427.09,0
2025-07-23 00:00:00+00:00,3427.08,3437.79004,3386.11,3389.03,0
2025-07-24 00:00:00+00:00,3389.03,3396.34,3359.33,3370.59,0
2025-07-25 00:00:00+00:00,3370.59,3373.55005,3326.32007,3347.17,0
2025-07-26 00:00:00+00:00,3347.16,3358.44,3345.6,3352.96,0
2025-07-28 00:00:00+00:00,3348.18,3351.53,3312.0,3322.01,0
2025-07-29 00:00:00+00:00,3322.01,3338.09,3318.39,3334.24,0
2025-07-30 00:00:00+00:00,3334.23,3340.28,3283.0,3291.98,0
2025-07-31 00:00:00+00:00,3292.2,3321.34,3288.88,3299.41,0
2025-08-01 00:00:00+00:00,3299.42,3362.0,3289.05,3361.89,0
2025-08-02 00:00:00+00:00,3361.89,3369.98,3355.58,3361.38,0
2025-08-04 00:00:00+00:00,3368.63,3384.39,3348.8,3378.96,0
2025-08-05 00:00:00+00:00,3378.97,3393.62,3353.8,3379.58,0
2025-08-06 00:00:00+00:00,3379.59,3385.25,3362.51,3371.53,0
2025-08-07 00:00:00+00:00,3371.54,3394.98,3368.36,3389.29,0
2025-08-08 00:00:00+00:00,3389.03,3397.81,3375.19,3387.21,0
2025-08-09 00:00:00+00:00,3387.21,3393.8,3375.0,3389.32,0
2025-08-11 00:00:00+00:00,3386.51,3391.7,3339.63,3344.13,0
2025-08-12 00:00:00+00:00,3344.14,3357.52,3332.0,3342.47,0
2025-08-13 00:00:00+00:00,3342.52,3358.6,3335.55,3350.8,0
2025-08-14 00:00:00+00:00,3350.8,3361.0,3324.39,3330.23,0
2025-08-15 00:00:00+00:00,3330.23,3341.09,3326.01,3329.36,0
2025-08-16 00:00:00+00:00,3329.35,3336.01,3327.21,3331.25,0
2025-08-18 00:00:00+00:00,3330.09,3380.0,3322.0,3331.75,0
2025-08-19 00:00:00+00:00,3331.76,3342.06,3308.01,3314.82,0
2025-08-20 00:00:00+00:00,3314.84,3339.91,3301.77,3339.88,0
2025-08-21 00:00:00+00:00,3339.88,3342.56,3318.25,3332.14,0
2025-08-22 00:00:00+00:00,3332.13,3363.43,3318.28,3363.42,0
2025-08-23 00:00:00+00:00,3363.43,3366.18,3345.51,3359.72,0
2025-08-25 00:00:00+00:00,3358.02,3366.68994,3349.12,3349.54,0
2025-08-26 00:00:00+00:00,3349.54,3379.98,3336.0,3379.95,0
2025-08-27 00:00:00+00:00,3379.9,3388.82,3365.0,3388.82,0
2025-08-28 00:00:00+00:00,3388.81,3423.25,3378.0,3419.78,0
2025-08-29 00:00:00+00:00,3419.77,3464.7,3407.8,3455.59,0
2025-08-30 00:00:00+00:00,3455.6,3466.73,3451.04,3463.81,0
2025-09-01 00:00:00+00:00,3467.33,3502.0,3451.13,3490.83,0
2025-09-02 00:00:00+00:00,3490.82,3556.69,3486.35,3550.4,0
2025-09-03 00:00:00+00:00,3550.4,3587.5,3542.4,3573.33,0
2025-09-04 00:00:00+00:00,3573.33,3578.25,3527.55,3553.16,0
2025-09-05 00:00:00+00:00,3553.16,3599.1,3548.64,3590.01,0
2025-09-06 00:00:00+00:00,3590.0,3611.68,3590.0,3606.64,0
2025-09-08 00:00:00+00:00,3609.59,3649.32,3588.12,3641.18,0
2025-09-09 00:00:00+00:00,3641.12,3681.7,3633.36,3638.7,0
2025-09-10 00:00:00+00:00,3638.48,3664.0,3630.0,3641.3,0
2025-09-11 00:00:00+00:00,3641.3,3646.92,3614.09,3634.06,0
2025-09-12 00:00:00+00:00,3634.01,3655.89,3630.53,3642.08,0
2025-09-13 00:00:00+00:00,3642.08,3646.34,3625.47,3632.77,0
2025-09-15 00:00:00+00:00,3652.38,3692.79,3635.07,3683.47,0
2025-09-16 00:00:00+00:00,3683.47,3712.69,3677.61,3696.78,0
2025-09-17 00:00:00+00:00,3696.78,3708.49,3657.59,3664.37,0
2025-09-18 00:00:00+00:00,3664.38,3674.27,3638.08,3647.61,0
2025-09-19 00:00:00+00:00,3647.62,3690.09,3641.01,3688.92,0
2025-09-20 00:00:00+00:00,3688.92,3693.04,3683.34,3691.44,0
2025-09-22 00:00:00+00:00,3689.63,3762.62,3686.83,3760.41,0
2025-09-23 00:00:00+00:00,3760.42,3800.0,3748.89,3777.03,0
2025-09-24 00:00:00+00:00,3777.11,3788.79,3720.78,3747.29,0
2025-09-25 00:00:00+00:00,3747.29,3773.55,3730.0,3757.69,0
2025-09-26 00:00:00+00:00,3757.68,3799.0,3742.04,3771.5,0
2025-09-27 00:00:00+00:00,3771.51,3784.69,3764.5,3783.35,0
2025-09-29 00:00:00+00:00,3770.0,3844.84,3768.57,3842.19,0
2025-09-30 00:00:00+00:00,3842.19,3880.69,3806.92,3869.18,0
2025-10-01 00:00:00+00:00,3869.18,3904.58,3863.63,3875.49,0
2025-10-02 00:00:00+00:00,3875.48,3899.0,3823.79,3861.5,0
2025-10-03 00:00:00+00:00,3861.5,3889.99,3843.79,3885.26,0
2025-10-04 00:00:00+00:00,3885.25,3900.72,3842.52,3893.47,0
2025-10-06 00:00:00+00:00,3891.88,3979.0,3890.53,3970.74,0
2025-10-07 00:00:00+00:00,3970.74,4000.0,3953.39,3994.92,0
2025-10-08 00:00:00+00:00,3994.92,4079.48,3992.98,4056.45,0
2025-10-09 00:00:00+00:00,4056.45,4072.0,3961.94,3989.18,0
2025-10-10 00:00:00+00:00,3989.19,4033.0,3957.29,4024.44,0
2025-10-11 00:00:00+00:00,4024.43,4030.95,3600.0,3997.52,0
2025-10-13 00:00:00+00:00,4002.99,4124.06,4002.63,4124.0,0
2025-10-14 00:00:00+00:00,4124.0,4200.0,4103.38,4155.65,0
2025-10-15 00:00:00+00:00,4155.53,4240.29,4151.67,4230.95,0
2025-10-16 00:00:00+00:00,4230.95,4336.65,4219.82,4333.33,0
2025-10-17 00:00:00+00:00,4333.07,4530.0,4192.55,4236.8,0
2025-10-18 00:00:00+00:00,4236.81,4273.28,4188.0,4237.99,0
2025-10-20 00:00:00+00:00,4231.0,4401.66,4214.16,4388.43,0
2025-10-21 00:00:00+00:00,4388.43,4390.74,4094.72,4114.57,0
2025-10-22 00:00:00+00:00,4114.09,4167.79,4020.0,4101.48,0
2025-10-23 00:00:00+00:00,4101.33,4157.46,4057.14,4117.0,0
2025-10-24 00:00:00+00:00,4117.36,4139.62,4045.25,4097.3,0
2025-10-25 00:00:00+00:00,4097.3,4127.13,4090.99,4111.21,0
2025-10-27 00:00:00+00:00,4098.77,4099.51,3951.0,3980.31,0
2025-10-28 00:00:00+00:00,3980.41,4013.17,3900.0,3967.98,0
2025-10-29 00:00:00+00:00,3967.97,4031.43,3930.08,3949.3,0
2025-10-30 00:00:00+00:00,3949.55,4023.0,3921.71,4020.42,0
2025-10-31 00:00:00+00:00,4020.71,4040.0,3971.81,3995.65,0
2025-11-01 00:00:00+00:00,3995.65,4009.88,3991.21,4001.4,0
2025-11-03 00:00:00+00:00,3997.44,4024.93,3962.2,3999.2,0
2025-11-04 00:00:00+00:00,3999.67,4009.04,3918.0,3930.56,0
2025-11-05 00:00:00+00:00,3930.56,3985.32,3920.0,3984.63,0
2025-11-06 00:00:00+00:00,3984.64,4020.0,3958.68,3981.31,0
2025-11-07 00:00:00+00:00,3981.31,4014.99,3972.1,4003.11,0
2025-11-08 00:00:00+00:00,4003.1,4003.1,3986.75,3992.44,0
2025-11-10 00:00:00+00:00,3997.16,4110.0,3994.22,4105.78,0
2025-11-11 00:00:00+00:00,4105.78,4146.07515,4096.85211,4123.19184,0
2025-11-12 00:00:00+00:00,4123.20807,4213.30684,4100.37736,4196.46651,0
2025-11-13 00:00:00+00:00,4196.38921,4244.30211,4141.94031,4164.62689,0
2025-11-14 00:00:00+00:00,4164.48871,4210.97208,4034.28982,4089.59042,0
2025-11-15 00:00:00+00:00,4089.52774,4092.08163,4075.2912,4080.42743,0
2025-11-16 00:00:00+00:00,4080.45349,4080.63709,4080.36819,4080.496,0
2025-11-17 00:00:00+00:00,4080.45515,4106.23731,4011.04777,4012.12221,0
2025-11-18 00:00:00+00:00,4012.09619,4081.09747,3999.63117,4081.01142,0
2025-11-19 00:00:00+00:00,4081.01883,4132.42981,4054.87269,4074.0584,0
2025-11-20 00:00:00+00:00,4074.14058,4110.93765,4040.886,4084.63177,0
2025-11-21 00:00:00+00:00,4084.50767,4099.55818,4025.66492,4087.44933,0
2025-11-22 00:00:00+00:00,4087.46663,4088.56214,4054.98727,4065.96908,0
2025-11-23 00:00:00+00:00,4065.8935,4066.14254,4065.81953,4065.93911,0
2025-11-24 00:00:00+00:00,4065.88586,4127.83474,4040.59968,4119.43498,0
2025-11-25 00:00:00+00:00,4119.40396,4159.14589,4110.34558,4133.2823,0
2025-11-26 00:00:00+00:00,4133.36559,4174.01012,4127.49532,4163.51163,0
2025-11-27 00:00:00+00:00,4163.49718,4168.69798,4143.6376,4157.99178,0
2025-11-28 00:00:00+00:00,4158.00496,4225.13635,4157.6383,4212.73023,0
2025-11-29 00:00:00+00:00,4212.63224,4231.26834,4171.98663,4216.44184,0
2025-11-30 00:00:00+00:00,4216.34576,4216.8431,4216.2683,4216.34338,0
2025-12-01 00:00:00+00:00,4216.34255,4265.37936,4202.4477,4234.38252,0
2025-12-02 00:00:00+00:00,4234.45988,4242.3133,4167.30243,4199.63913,0
2025-12-03 00:00:00+00:00,4199.64034,4243.15096,4195.0201,4208.56484,0
2025-12-04 00:00:00+00:00,4208.55717,4220.43,4176.80186,4208.77715,0
2025-12-05 00:00:00+00:00,4208.73724,4258.54495,4195.39646,4207.63103,0
2025-12-06 00:00:00+00:00,4207.84169,4207.84169,4192.07322,4197.40394,0
2025-12-07 00:00:00+00:00,4197.36867,4197.56019,4197.29437,4197.34601,0
2025-12-08 00:00:00+00:00,4197.37604,4218.46194,4175.24856,4186.46637,0
2025-12-09 00:00:00+00:00,4186.39665,4220.84751,4171.40677,4212.89339,0
2025-12-10 00:00:00+00:00,4212.73084,4219.56716,4182.65249,4215.85221,0
2025-12-11 00:00:00+00:00,4215.87471,4287.12029,4204.46736,4273.56204,0
2025-12-12 00:00:00+00:00,4273.60179,4352.66531,4259.01477,4296.83443,0
2025-12-13 00:00:00+00:00,4296.78407,4304.4202,4289.06841,4302.40463,0
2025-12-14 00:00:00+00:00,4302.42429,4302.61883,4302.36226,4302.5204,0
2025-12-15 00:00:00+00:00,4302.43395,4350.09414,4286.91234,4314.55996,0
2025-12-16 00:00:00+00:00,4314.60283,4334.17857,4268.69498,4310.06308,0
2025-12-17 00:00:00+00:00,4310.3026,4348.63257,4301.10812,4336.82339,0
2025-12-18 00:00:00+00:00,4336.87959,4376.2737,4308.87716,4325.06663,0
2025-12-19 00:00:00+00:00,4324.94935,4356.27683,4311.66104,4345.9183,0
2025-12-20 00:00:00+00:00,4345.83332,4346.01548,4336.79635,4338.63147,0
2025-12-21 00:00:00+00:00,4338.53784,4338.7268,4338.45602,4338.55589,0
2025-12-22 00:00:00+00:00,4338.52403,4443.81931,4338.17759,4433.70172,0
2025-12-23 00:00:00+00:00,4433.51735,4498.40302,4431.79418,4491.60078,0
2025-12-24 00:00:00+00:00,4491.63223,4525.85005,4451.05034,4479.69441,0
2025-12-25 00:00:00+00:00,4479.62632,4480.72434,4479.00292,4479.69741,0
2025-12-26 00:00:00+00:00,4479.62443,4550.78973,4476.55334,4523.58231,0
2025-12-27 00:00:00+00:00,4523.48301,4534.74851,4522.15204,4532.69019,0
2025-12-28 00:00:00+00:00,4532.61899,4532.8813,4531.44651,4532.58587,0
2025-12-29 00:00:00+00:00,4532.61769,4547.90835,4307.57154,4337.36579,0
2025-12-30 00:00:00+00:00,4337.39758,4405.82213,4325.67935,4346.71282,0
2025-12-31 00:00:00+00:00,4346.83879,4372.76325,4279.06735,4311.26879,0
2026-01-01 00:00:00+00:00,4311.23326,4326.44321,4304.69385,4315.16528,0
2026-01-02 00:00:00+00:00,4315.0866,4402.87822,4310.36817,4319.3054,0
2026-01-03 00:00:00+00:00,4319.10312,4334.91082,4315.21198,4330.47347,0
2026-01-04 00:00:00+00:00,4330.49282,4331.70186,4330.26423,4330.51407,0
2026-01-05 00:00:00+00:00,4330.49629,4454.41557,4329.27104,4440.26689,0
2026-01-06 00:00:00+00:00,4440.19627,4493.57837,4429.30632,4481.54678,0
2026-01-07 00:00:00+00:00,4481.4641,4500.4487,4425.27169,4457.24727,0
2026-01-08 00:00:00+00:00,4457.36735,4466.13399,4407.90536,4451.55911,0
2026-01-09 00:00:00+00:00,4451.60002,4515.83105,4451.56766,4499.75264,0
2026-01-10 00:00:00+00:00,4499.90988,4511.053,4497.61855,4509.84807,0
2026-01-11 00:00:00+00:00,4509.81471,4510.04601,4509.71232,4509.83173,0
2026-01-12 00:00:00+00:00,4509.80434,4631.59455,4509.22139,4611.33102,0
2026-01-13 00:00:00+00:00,4611.36907,4632.91936,4574.39161,4597.7796,0
2026-01-14 00:00:00+00:00,4597.55208,4641.32613,4571.4012,4639.42556,0
2026-01-15 00:00:00+00:00,4639.51866,4641.81025,4581.64955,4615.51073,0
2026-01-16 00:00:00+00:00,4615.42757,4620.35762,4533.25987,4590.58565,0
2026-01-17 00:00:00+00:00,4590.53336,4597.8108,4579.84926,4595.30975,0
2026-01-18 00:00:00+00:00,4595.27991,4595.67224,4595.07714,4595.28796,0
2026-01-19 00:00:00+00:00,4595.25035,4686.1434,4588.36075,4670.82045,0
2026-01-20 00:00:00+00:00,4670.79201,4767.45217,4660.31632,4760.79846,0
2026-01-21 00:00:00+00:00,4760.69265,4885.77139,4747.79286,4780.28158,0
2026-01-22 00:00:00+00:00,4780.26923,4923.18891,4775.0818,4911.86931,0
2026-01-23 00:00:00+00:00,4911.87195,4990.21326,4902.18615,4984.67331,0
2026-01-24 00:00:00+00:00,4984.87402,4986.59233,4972.26855,4982.4814,0
2026-01-25 00:00:00+00:00,4982.42698,4984.37168,4981.87684,4982.45467,0
2026-01-26 00:00:00+00:00,4982.40644,5108.49956,4979.13611,5029.16284,0
2026-01-27 00:00:00+00:00,5029.23113,5102.59816,4999.05307,5099.19537,0
2026-01-28 00:00:00+00:00,5099.1982,5329.23026,5098.86184,5327.17903,0
2026-01-29 00:00:00+00:00,5326.98804,5597.22988,5122.5375,5310.53137,0
2026-01-30 00:00:00+00:00,5308.49315,5451.71009,4706.06585,4940.66781,0
2026-01-31 00:00:00+00:00,4943.36462,4943.36462,4829.73898,4865.45982,0
2026-02-01 00:00:00+00:00,4865.35613,4865.59398,4865.28403,4865.45954,0
2026-02-02 00:00:00+00:00,4865.35405,4879.10052,4410.8453,4687.13788,0
2026-02-03 00:00:00+00:00,4685.64115,4993.13125,4647.23171,4926.47711,0
2026-02-04 00:00:00+00:00,4926.18518,5090.97076,4863.23494,4941.50845,0
2026-02-05 00:00:00+00:00,4941.44978,5024.78529,4798.77728,4831.82164,0
2026-02-06 00:00:00+00:00,4830.27158,4972.30477,4654.91557,4957.75097,0
2026-02-07 00:00:00+00:00,4957.64609,4964.08055,4938.91135,4959.11017,0
2026-02-08 00:00:00+00:00,4959.01867,5028.17538,4958.9515,5011.35623,0
2026-02-09 00:00:00+00:00,5010.62241,5093.76098,4971.92857,5074.62168,0
2026-02-10 00:00:00+00:00,5074.60676,5084.15262,5002.86032,5028.8494,0
2026-02-11 00:00:00+00:00,5028.88591,5115.80964,5021.08147,5080.6557,0
2026-02-12 00:00:00+00:00,5080.93854,5101.36263,4891.22479,4945.1794,0
2026-02-13 00:00:00+00:00,4944.9452,5045.31285,4892.56375,5029.89519,0
2026-02-14 00:00:00+00:00,5029.60512,5044.24291,5023.95409,5043.16482,0
2026-02-15 00:00:00+00:00,5043.09069,5043.34381,5043.00674,5043.2085,0
2026-02-16 00:00:00+00:00,5043.13127,5044.13251,4968.76904,4992.462,0
2026-02-17 00:00:00+00:00,4992.35719,4999.41567,4853.25576,4881.25215,0
2026-02-18 00:00:00+00:00,4881.2785,5008.54216,4856.71848,4980.67537,0
2026-02-19 00:00:00+00:00,4980.59213,5022.36806,4960.9654,4987.51618,0
2026-02-20 00:00:00+00:00,4987.7054,5079.5811,4980.29089,5079.40187,0
2026-02-21 00:00:00+00:00,5079.37865,5105.22068,5076.80371,5098.61379,0
2026-02-22 00:00:00+00:00,5098.51348,5098.73552,5098.43388,5098.59632,0
2026-02-23 00:00:00+00:00,5098.50048,5219.46186,5098.189,5215.65797,0
2026-02-24 00:00:00+00:00,5215.69065,5250.6274,5100.79752,5154.62888,0
2026-02-25 00:00:00+00:00,5154.62929,5218.1188,5123.07465,5205.26524,0
2026-02-26 00:00:00+00:00,5205.15431,5205.65282,5127.32727,5187.84755,0
2026-02-27 00:00:00+00:00,5187.77974,5256.86705,5166.01681,5251.01854,0
2026-02-28 00:00:00+00:00,5250.99881,5280.2302,5249.91264,5277.88359,0
2026-03-01 00:00:00+00:00,5277.89433,5278.12724,5277.68405,5277.8835,0
2026-03-02 00:00:00+00:00,5277.88876,5417.76449,5267.50196,5330.94854,0
2026-03-03 00:00:00+00:00,5330.72524,5378.90889,4986.15049,5113.42789,0
2026-03-04 00:00:00+00:00,5113.69812,5203.82419,5083.87185,5136.55908,0
2026-03-05 00:00:00+00:00,5136.26707,5194.57816,5054.59315,5065.44602,0
2026-03-06 00:00:00+00:00,5065.45447,5174.13733,5054.73982,5161.43884,0
2026-03-07 00:00:00+00:00,5161.28762,5173.49951,5151.19721,5171.10452,0
2026-03-08 00:00:00+00:00,5171.07466,5171.29987,5167.45393,5171.09086,0
2026-03-09 00:00:00+00:00,5171.05327,5204.69053,5014.43471,5142.17754,0
2026-03-10 00:00:00+00:00,5141.93524,5237.80436,5122.45155,5197.99865,0
2026-03-11 00:00:00+00:00,5198.01685,5223.2619,5158.04347,5183.31222,0
2026-03-12 00:00:00+00:00,5183.22388,5191.16983,5081.35272,5083.42129,0
2026-03-13 00:00:00+00:00,5083.57604,5127.98504,5003.47363,5020.31894,0
2026-03-14 00:00:00+00:00,5022.68373,5028.6784,5010.37858,5019.79237,0
2026-03-15 00:00:00+00:00,5019.68973,5032.13817,5018.9006,5019.79532,0
2026-03-16 00:00:00+00:00,5019.68973,5036.81037,4966.61001,5012.64443,0
2026-03-17 00:00:00+00:00,5012.46151,5042.92294,4978.14194,4998.9783,0
2026-03-18 00:00:00+00:00,4998.63708,5016.82098,4837.58291,4841.92773,0
2026-03-19 00:00:00+00:00,4842.10656,4868.11576,4514.89843,4637.62973,0
2026-03-20 00:00:00+00:00,4637.58944,4736.02113,4475.36646,4500.6531,0
2026-03-21 00:00:00+00:00,4500.48478,4513.49018,4490.7061,4497.5218,0
2026-03-22 00:00:00+00:00,4497.44028,4497.6526,4497.37925,4497.51799,0
2026-03-23 00:00:00+00:00,4497.4395,4532.22948,4104.81533,4400.00688,0
2026-03-24 00:00:00+00:00,4399.37578,4448.78875,4310.39454,4399.4287,0
2026-03-25 00:00:00+00:00,4399.59355,4602.63009,4396.84803,4531.47513,0
2026-03-26 00:00:00+00:00,4531.38161,4546.06827,4358.34529,4362.63551,0
2026-03-27 00:00:00+00:00,4362.52539,4550.97345,4352.84304,4514.84071,0
2026-03-28 00:00:00+00:00,4514.75649,4514.81293,4492.13517,4507.6873,0
2026-03-29 00:00:00+00:00,4507.7127,4507.90906,4507.63074,4507.67826,0
2026-03-30 00:00:00+00:00,4507.70172,4579.18712,4420.32741,4513.40774,0
2026-03-31 00:00:00+00:00,4513.5833,4684.74132,4486.81893,4683.73771,0
2026-04-01 00:00:00+00:00,4683.78257,4792.52135,4657.92829,4768.03194,0
2026-04-02 00:00:00+00:00,4767.94778,4798.53894,4555.06888,4675.33535,0
2026-04-03 00:00:00+00:00,4675.27835,4677.0164,4665.06785,4676.48581,0
2026-04-04 00:00:00+00:00,4676.42625,4676.82173,4676.01177,4676.50865,0
2026-04-05 00:00:00+00:00,4676.42856,4676.63225,4676.34757,4676.50455,0
2026-04-06 00:00:00+00:00,4676.41981,4705.73244,4598.01008,4649.76527,0
2026-04-07 00:00:00+00:00,4649.66027,4719.86105,4604.80231,4706.39311,0
2026-04-08 00:00:00+00:00,4706.29881,4855.11363,4700.18732,4719.47769,0
2026-04-09 00:00:00+00:00,4719.63631,4800.71915,4696.30581,4766.56409,0
2026-04-10 00:00:00+00:00,4766.49515,4795.33901,4732.48466,4749.58009,0
2026-04-11 00:00:00+00:00,4749.54972,4750.78067,4749.02268,4750.52873,0
2026-04-12 00:00:00+00:00,4750.45842,4756.1901,4749.83663,4750.50252,0
2026-04-13 00:00:00+00:00,4750.43695,4752.99783,4643.55787,4740.74803,0
2026-04-14 00:00:00+00:00,4740.96568,4847.07437,4740.70858,4841.71465,0
2026-04-15 00:00:00+00:00,4841.67865,4869.57853,4788.47055,4790.98573,0
2026-04-16 00:00:00+00:00,4790.93335,4838.06143,4779.94195,4789.6854,0
2026-04-17 00:00:00+00:00,4789.63688,4887.92586,4769.05475,4830.60557,0
2026-04-18 00:00:00+00:00,4830.44896,4834.37679,4830.44896,4834.10038,0
2026-04-19 00:00:00+00:00,4833.99342,4837.40174,4831.71107,4834.1014,0
2026-04-20 00:00:00+00:00,4833.99308,4834.32342,4740.74681,4820.47575,0
2026-04-21 00:00:00+00:00,4820.36913,4832.94507,4668.28518,4719.56596,0
2026-04-22 00:00:00+00:00,4719.54891,4771.44226,4712.05724,4739.78055,0
2026-04-23 00:00:00+00:00,4739.70626,4752.77812,4668.50627,4693.67161,0
2026-04-24 00:00:00+00:00,4693.68565,4742.65975,4658.8598,4709.65804,0
2026-04-25 00:00:00+00:00,4709.55559,4709.77324,4708.4264,4708.59504,0
2026-04-26 00:00:00+00:00,4708.4903,4709.14952,4704.90079,4707.28437,0
2026-04-27 00:00:00+00:00,4707.09393,4728.46794,4667.93945,4681.67029,0
2026-04-28 00:00:00+00:00,4681.63065,4701.06814,4555.69938,4596.47098,0
2026-04-29 00:00:00+00:00,4596.3843,4609.97231,4511.1187,4543.91802,0
2026-04-30 00:00:00+00:00,4543.88834,4646.87963,4539.67141,4621.32118,0
2026-05-01 00:00:00+00:00,4622.38066,4659.80668,4561.34636,4614.83277,0
2026-05-02 00:00:00+00:00,4613.88092,4615.73967,4612.39694,4613.27308,0
2026-05-03 00:00:00+00:00,4613.25045,4613.78995,4612.97032,4613.28448,0
2026-05-04 00:00:00+00:00,4613.24465,4629.39094,4503.72464,4523.59841,0
2026-05-05 00:00:00+00:00,4523.13191,4587.17375,4514.11976,4556.92512,0
2026-05-06 00:00:00+00:00,4556.73388,4722.77486,4542.23432,4690.91268,0
2026-05-07 00:00:00+00:00,4690.82727,4765.85857,4685.08702,4689.4371,0
2026-05-08 00:00:00+00:00,4688.10345,4746.76034,4671.02499,4716.2703,0
2026-05-09 00:00:00+00:00,4716.00307,4716.00307,4714.44984,4715.4877,0
2026-05-10 00:00:00+00:00,4715.38191,4715.59632,4714.97949,4715.48243,0
2026-05-11 00:00:00+00:00,4715.37746,4746.76034,4649.21661,4735.46064,0
2026-05-12 00:00:00+00:00,4735.04061,4773.4977,4641.66357,4715.30897,0
2026-05-13 00:00:00+00:00,4715.18842,4726.43751,4669.46693,4688.61014,0
2026-05-14 00:00:00+00:00,4688.76102,4717.47809,4645.0047,4651.91243,0
2026-05-15 00:00:00+00:00,4651.6473,4664.83183,4512.32918,4540.14677,0
2026-05-16 00:00:00+00:00,4539.89139,4540.29512,4537.58499,4537.72547,0
2026-05-17 00:00:00+00:00,4537.74039,4537.96399,4537.41095,4537.71527,0
2026-05-18 00:00:00+00:00,4537.73389,4584.42213,4476.89916,4566.17371,0
2026-05-19 00:00:00+00:00,4565.99461,4593.46333,4466.8781,4481.85399,0
2026-05-20 00:00:00+00:00,4482.10568,4550.8328,4454.14458,4544.05897,0
2026-05-21 00:00:00+00:00,4543.91433,4571.01065,4490.74906,4543.10657,0
2026-05-22 00:00:00+00:00,4542.91896,4546.52149,4491.97264,4508.84161,0
2026-05-23 00:00:00+00:00,4508.183,4509.37951,4504.3859,4505.65833,0
2026-05-24 00:00:00+00:00,4505.68572,4506.12833,4505.60175,4505.64909,0
2026-05-25 00:00:00+00:00,4505.67354,4579.56673,4503.98456,4571.23972,0
2026-05-26 00:00:00+00:00,4571.17382,4580.93828,4482.69679,4507.58338,0
2026-05-27 00:00:00+00:00,4507.27263,4527.94941,4402.37728,4456.29881,0
2026-05-28 00:00:00+00:00,4456.18342,4516.50784,4367.19364,4496.36988,0
2026-05-29 00:00:00+00:00,4496.26762,4594.65168,4489.49398,4540.15778,0
2026-05-30 00:00:00+00:00,4540.56315,4542.85519,4538.64658,4542.52645,0
2026-05-31 00:00:00+00:00,4542.4689,4542.84688,4542.32919,4542.5767,0
2026-06-01 00:00:00+00:00,4542.51773,4547.2852,4447.44688,4484.65892,0
2026-06-02 00:00:00+00:00,4483.98323,4540.08899,4464.08642,4488.67153,0
2026-06-03 00:00:00+00:00,4488.40791,4496.20071,4429.09026,4434.46857,0
2026-06-04 00:00:00+00:00,4434.26768,4515.79837,4424.58298,4475.96582,0
2026-06-05 00:00:00+00:00,4475.678,4481.29061,4312.20354,4328.95948,0
2026-06-06 00:00:00+00:00,4328.79582,4330.46662,4328.01662,4330.15149,0
2026-06-07 00:00:00+00:00,4330.10279,4331.8172,4329.00433,4330.1492,0
2026-06-08 00:00:00+00:00,4330.10644,4352.93606,4268.19299,4330.19194,0
2026-06-09 00:00:00+00:00,4330.08007,4359.95814,4236.57007,4260.08482,0
2026-06-10 00:00:00+00:00,4260.09729,4266.04904,4067.52085,4071.58097,0
2026-06-11 00:00:00+00:00,4071.20709,4217.98549,4023.49722,4211.07514,0
2026-06-12 00:00:00+00:00,4211.30068,4245.20292,4168.76731,4217.96336,0
2026-06-13 00:00:00+00:00,4218.56207,4221.12451,4215.14079,4215.38604,0
2026-06-14 00:00:00+00:00,4215.29537,4215.48468,4215.21553,4215.36946,0
2026-06-15 00:00:00+00:00,4215.28083,4367.57512,4213.19131,4309.42435,0
2026-06-16 00:00:00+00:00,4309.05706,4355.91345,4306.21952,4331.36946,0
2026-06-17 00:00:00+00:00,4331.25761,4383.61801,4220.01613,4258.07298,0
2026-06-18 00:00:00+00:00,4257.66935,4329.94155,4202.11632,4209.12291,0
2026-06-19 00:00:00+00:00,4208.51583,4211.05824,4122.52133,4156.6112,0
2026-06-20 00:00:00+00:00,4156.46111,4156.7484,4156.27598,4156.51085,0
2026-06-21 00:00:00+00:00,4156.54202,4157.44038,4155.23976,4156.5162,0
2026-06-22 00:00:00+00:00,4156.54721,4216.38487,4135.46633,4191.78368,0
2026-06-23 00:00:00+00:00,4192.03092,4195.86288,4092.15534,4110.44546,0
2026-06-24 00:00:00+00:00,4109.93157,4114.71835,3961.49428,4001.11524,0
2026-06-25 00:00:00+00:00,4000.57448,4044.57442,3964.41385,4026.44634,0
2026-06-26 00:00:00+00:00,4026.49141,4095.31638,3984.06375,4088.92554,0
2026-06-27 00:00:00+00:00,4088.78641,4091.22487,4080.75528,4080.81341,0
2026-06-28 00:00:00+00:00,4080.82149,4081.13292,4080.63331,4080.80878,0
2026-06-29 00:00:00+00:00,4080.82962,4092.0206,4002.40144,4016.52691,0
2026-06-30 00:00:00+00:00,4016.3401,4063.05867,3949.44708,4007.70422,0
2026-07-01 00:00:00+00:00,4007.52576,4115.77285,3959.59368,4031.56804,0
2026-07-02 00:00:00+00:00,4031.38647,4142.39852,4028.94876,4123.87904,0
2026-07-03 00:00:00+00:00,4123.72424,4195.33479,4120.90817,4174.93638,0
2026-07-04 00:00:00+00:00,4174.90346,4175.10346,4174.84061,4174.94111,0
2026-07-05 00:00:00+00:00,4174.90689,4175.1096,4167.47444,4175.01112,0
2026-07-06 00:00:00+00:00,4174.96346,4202.03378,4129.33064,4165.12051,0
2026-07-07 00:00:00+00:00,4164.60827,4179.37894,4093.9768,4106.14352,0
2026-07-08 00:00:00+00:00,4106.19217,4134.11055,4022.20256,4077.27796,0
2026-07-09 00:00:00+00:00,4077.44095,4137.70275,4054.06488,4123.6425,0
2026-07-10 00:00:00+00:00,4123.75241,4133.93964,4076.64085,4119.32483,0
2026-07-11 00:00:00+00:00,4119.46069,4120.42164,4107.55154,4111.53243,0
2026-07-12 00:00:00+00:00,4111.44313,4111.74068,4111.36101,4111.53882,0
2026-07-13 00:00:00+00:00,4111.4482,4112.96916,3986.60501,4001.23284,0
2026-07-14 00:00:00+00:00,4001.38582,4099.20066,3985.81051,4052.83213,0
2026-07-15 00:00:00+00:00,4052.82,4080.34808,4016.65246,4060.42611,0
2026-07-16 00:00:00+00:00,4060.34917,4068.67931,3968.99714,3976.78276,0
2026-07-17 00:00:00+00:00,3976.51091,4022.84979,3961.80817,4016.97584,0
2026-07-18 00:00:00+00:00,4016.96818,4018.00997,4010.40238,4010.60888,0
2026-07-19 00:00:00+00:00,4010.53005,4010.77281,4009.94466,4010.6058,0
2026-07-20 00:00:00+00:00,4010.53029,4039.42479,3983.42894,4008.3034,0
2026-07-21 00:00:00+00:00,4008.18295,4086.91226,3999.73871,4077.82773,0
2026-07-22 00:00:00+00:00,4077.84891,4165.68194,4075.31176,4130.28998,0
2026-07-23 00:00:00+00:00,4130.23041,4141.06315,4040.2681,4049.51576,0
2026-07-24 00:00:00+00:00,4049.28375,4080.69327,4022.09051,4053.47211,0
2026-07-25 00:00:00+00:00,4053.37645,4056.11207,4053.34198,4056.01128,0
2026-07-26 00:00:00+00:00,4055.92142,4057.61818,4055.08427,4056.01212,0
2026-07-27 00:00:00+00:00,4055.9211,4116.42784,4012.26194,4076.96247,0
2026-07-28 00:00:00+00:00,4076.90987,4081.46606,4012.44894,4028.58082,0
2026-07-29 00:00:00+00:00,4028.68301,4114.04122,3996.32338,4066.93415,0
2026-07-30 00:00:00+00:00,4066.17292,4119.46447,4029.1712,4103.49754,0
2026-07-31 00:00:00+00:00,4103.37557,4112.01118,4021.07041,4045.25141,0
2026-08-01 00:00:00+00:00,4044.91865,4044.91865,4042.03719,4042.74098,0
2026-08-02 00:00:00+00:00,4042.67937,4043.50815,4042.20057,4042.7451,0
2026-08-03 00:00:00+00:00,4042.68784,4088.47459,4022.04078,4055.3131,0
2026-08-04 00:00:00+00:00,4055.25693,4105.94294,4042.61423,4077.39577,0
2026-08-05 00:00:00+00:00,4077.53527,4267.13964,4065.90565,4246.99711,0
2026-08-06 00:00:00+00:00,4246.60064,4304.07478,4224.22648,4240.8196,0
2026-08-07 00:00:00+00:00,4240.67481,4371.01145,4230.24215,4342.63347,0
2026-08-08 00:00:00+00:00,4342.38579,4342.9167,4341.59684,4342.23668,0
2026-08-09 00:00:00+00:00,4342.26233,4342.7281,4342.16142,4342.18657,0
2026-08-10 00:00:00+00:00,4342.28568,4395.6044,4313.50559,4389.993,0
2026-08-11 00:00:00+00:00,4389.83451,4434.78647,4356.48594,4367.71611,0
2026-08-12 00:00:00+00:00,4368.15364,4441.22288,4363.38249,4409.04752,0
2026-08-13 00:00:00+00:00,4408.74155,4449.78419,4345.18119,4351.17522,0
2026-08-14 00:00:00+00:00,4350.64279,4396.587,4310.61379,4376.56187,0
2026-08-15 00:00:00+00:00,4376.01866,4376.94227,4375.52894,4375.58712,0
2026-08-16 00:00:00+00:00,4375.5959,4375.84991,4375.52542,4375.54686,0
2026-08-17 00:00:00+00:00,4375.60522,4427.91357,4367.39807,4416.62725,0
2026-08-18 00:00:00+00:00,4416.46004,4435.5801,4330.69161,4335.67938,0
2026-08-19 00:00:00+00:00,4335.3554,4524.47742,4325.9749,4523.24519,0
2026-08-20 00:00:00+00:00,4523.14482,4544.49492,4451.3688,4519.34377,0
2026-08-21 00:00:00+00:00,4519.29236,4631.91226,4509.73245,4603.92129,0
2026-08-22 00:00:00+00:00,4603.83002,4608.84039,4602.74522,4608.1496,0
2026-08-23 00:00:00+00:00,4608.17813,4608.39924,4602.35641,4603.69568,0
2026-08-24 00:00:00+00:00,4603.63267,4683.30825,4596.85575,4652.16852,0
2026-08-25 00:00:00+00:00,4651.95436,4695.93801,4607.65793,4658.63733,0
2026-08-26 00:00:00+00:00,4658.73323,4673.71074,4582.25287,4594.48089,0
2026-08-27 00:00:00+00:00,4594.38695,4642.31001,4567.49602,4601.5152,0
2026-08-28 00:00:00+00:00,4601.25362,4637.16814,4444.64198,4456.44061,0
2026-08-29 00:00:00+00:00,4456.35382,4459.0161,4453.52303,4458.88083,0
2026-08-30 00:00:00+00:00,4458.78191,4459.53706,4455.53377,4456.19301,0
2026-08-31 00:00:00+00:00,4456.15721,4470.87227,4400.09589,4448.80126,0
2026-09-01 00:00:00+00:00,4448.65508,4462.05653,4323.3419,4328.57714,0
2026-09-02 00:00:00+00:00,4328.63198,4396.18411,4283.20555,4387.76527,0
2026-09-03 00:00:00+00:00,4388.00046,4510.59991,4381.92893,4473.78645,0
2026-09-04 00:00:00+00:00,4473.54177,4514.11331,4368.52912,4430.05647,0
2026-09-05 00:00:00+00:00,4430.11359,4430.40399,4428.867,4429.02694,0
2026-09-06 00:00:00+00:00,4428.95099,4430.07132,4428.80631,4429.01202,0
2026-09-07 00:00:00+00:00,4428.94185,4434.89188,4382.50504,4405.18434,0
2026-09-08 00:00:00+00:00,4405.04851,4443.20358,4348.39327,4356.02958,0
2026-09-09 00:00:00+00:00,4355.73503,4432.62411,4341.97386,4401.6959,0
2026-09-10 00:00:00+00:00,4401.22755,4430.46387,4313.69166,4316.75877,0
2026-09-11 00:00:00+00:00,4316.69142,4403.795,4297.93269,4348.86917,0
2026-09-12 00:00:00+00:00,4348.57627,4349.14974,4347.49574,4348.45697,0
2026-09-13 00:00:00+00:00,4348.36302,4348.70569,4347.82609,4348.45503,0
2026-09-14 00:00:00+00:00,4348.36267,4355.11149,4253.79055,4298.34998,0
2026-09-15 00:00:00+00:00,4298.21167,4317.60287,4260.03238,4293.79613,0
2026-09-16 00:00:00+00:00,4293.60981,4359.57799,4238.36569,4264.06814,0
2026-09-17 00:00:00+00:00,4263.9034,4380.28912,4256.66113,4341.90205,0
2026-09-18 00:00:00+00:00,4341.82692,4399.21898,4335.00954,4377.24525,0
2026-09-19 00:00:00+00:00,4377.83547,4380.25271,4377.83547,4380.12934,0
2026-09-20 00:00:00+00:00,4380.04417,4380.47801,4379.87495,4380.13345,0
2026-09-21 00:00:00+00:00,4380.05355,4384.52529,4321.23191,4343.80964,0
2026-09-22 00:00:00+00:00,4343.72131,4375.41019,4290.38053,4357.67796,0
2026-09-23 00:00:00+00:00,4358.40819,4370.1704,4270.72669,4286.97334,0
2026-09-24 00:00:00+00:00,4287.26647,4304.10576,4243.31612,4275.2841,0
2026-09-25 00:00:00+00:00,4275.09543,4315.59598,4254.77599,4286.73973,0
2026-09-26 00:00:00+00:00,4286.27247,4286.4489,4284.85731,4286.21452,0
2026-09-27 00:00:00+00:00,4286.14106,4286.51035,4285.22455,4286.21426,0
2026-09-28 00:00:00+00:00,4286.14474,4287.40522,4111.79963,4115.07518,0
2026-09-29 00:00:00+00:00,4114.67004,4184.8008,4112.09033,4181.99954,0
2026-09-30 00:00:00+00:00,4181.67766,4220.14543,4147.23455,4156.46018,0
2026-10-01 00:00:00+00:00,4156.83517,4192.52149,4139.77873,4177.44582,0
2026-10-02 00:00:00+00:00,4177.21832,4225.64969,4125.92318,4141.52795,0
2026-10-03 00:00:00+00:00,4140.4695,4143.47287,4137.18919,4137.61145,0
2026-10-04 00:00:00+00:00,4137.53497,4137.72449,4137.47291,4137.5111,0
2026-10-05 00:00:00+00:00,4137.53497,4170.60439,4125.41139,4141.04567,0
2026-10-06 00:00:00+00:00,4140.87324,4183.92536,4107.78837,4169.38893,0
2026-10-07 00:00:00+00:00,4169.13593,4169.81812,4061.73421,4100.53054,0
